Parameter Sweep,Strategy,Season,Spray Day (Cycle),Pest Load Before,Pest Load After,Cumulative Sprays
decay00,calendar,1,15,1.0,0.3,1
decay00,calendar,1,29,1.0,0.3,2
decay00,calendar,1,43,1.0,0.2,3
decay00,calendar,1,57,1.0,0.3,4
decay00,calendar,1,71,1.0,0.2,5
decay00,calendar,2,91,1.0,0.3,1
decay00,calendar,2,105,1.0,0.3,2
decay00,calendar,2,119,1.0,0.3,3
decay00,calendar,2,133,1.0,0.3,4
decay00,calendar,2,147,1.0,0.2,5
decay00,calendar,3,167,1.0,0.2,1
decay00,calendar,3,181,1.0,0.3,2
decay00,calendar,3,195,1.0,0.3,3
decay00,calendar,3,209,1.0,0.3,4
decay00,calendar,3,223,1.0,0.3,5
decay05,calendar,1,15,1.0,0.3,1
decay05,calendar,1,29,1.0,0.3,2
decay05,calendar,1,43,1.0,0.3,3
decay05,calendar,1,57,1.0,0.3,4
decay05,calendar,1,71,1.0,0.3,5
decay05,calendar,2,91,1.0,0.3,1
decay05,calendar,2,105,1.0,0.3,2
decay05,calendar,2,119,1.0,0.3,3
decay05,calendar,2,133,1.0,0.2,4
decay05,calendar,2,147,1.0,0.3,5
decay05,calendar,3,167,1.0,0.2,1
decay05,calendar,3,181,1.0,0.2,2
decay05,calendar,3,195,1.0,0.3,3
decay05,calendar,3,209,1.0,0.3,4
decay05,calendar,3,223,1.0,0.3,5
eff06,calendar,1,15,1.0,0.5,1
eff06,calendar,1,29,1.0,0.5,2
eff06,calendar,1,43,1.0,0.5,3
eff06,calendar,1,57,1.0,0.5,4
eff06,calendar,1,71,1.0,0.5,5
eff06,calendar,2,91,0.9,0.46,1
eff06,calendar,2,105,1.0,0.4,2
eff06,calendar,2,119,1.0,0.5,3
eff06,calendar,2,133,1.0,0.5,4
eff06,calendar,2,147,1.0,0.5,5
eff06,calendar,3,167,1.0,0.5,1
eff06,calendar,3,181,1.0,0.5,2
eff06,calendar,3,195,1.0,0.5,3
eff06,calendar,3,209,1.0,0.5,4
eff06,calendar,3,223,1.0,0.4,5
eff09,calendar,1,15,0.9,0.09,1
eff09,calendar,1,29,0.99,0.199,2
eff09,calendar,1,43,1.0,0.1,3
eff09,calendar,1,57,1.0,0.1,4
eff09,calendar,1,71,1.0,0.2,5
eff09,calendar,2,91,1.0,0.1,1
eff09,calendar,2,105,1.0,0.1,2
eff09,calendar,2,119,1.0,0.1,3
eff09,calendar,2,133,1.0,0.2,4
eff09,calendar,2,147,1.0,0.2,5
eff09,calendar,3,167,0.9,0.09,1
eff09,calendar,3,181,1.0,0.2,2
eff09,calendar,3,195,1.0,0.1,3
eff09,calendar,3,209,1.0,0.1,4
eff09,calendar,3,223,1.0,0.2,5
inc05,calendar,1,15,0.6,0.12,1
inc05,calendar,1,29,0.57,0.114,2
inc05,calendar,1,43,0.664,0.183,3
inc05,calendar,1,57,0.783,0.207,4
inc05,calendar,1,71,0.807,0.211,5
inc05,calendar,2,91,0.45,0.14,1
inc05,calendar,2,105,0.64,0.178,2
inc05,calendar,2,119,0.778,0.206,3
inc05,calendar,2,133,0.606,0.171,4
inc05,calendar,2,147,0.671,0.134,5
inc05,calendar,3,167,0.55,0.11,1
inc05,calendar,3,181,0.51,0.152,2
inc05,calendar,3,195,0.702,0.19,3
inc05,calendar,3,209,0.84,0.218,4
inc05,calendar,3,223,0.768,0.204,5
inc10,calendar,1,15,1.0,0.3,1
inc10,calendar,1,29,1.0,0.3,2
inc10,calendar,1,43,1.0,0.3,3
inc10,calendar,1,57,1.0,0.3,4
inc10,calendar,1,71,1.0,0.3,5
inc10,calendar,2,91,1.0,0.3,1
inc10,calendar,2,105,1.0,0.2,2
inc10,calendar,2,119,0.9,0.28,3
inc10,calendar,2,133,1.0,0.3,4
inc10,calendar,2,147,1.0,0.3,5
inc10,calendar,3,167,1.0,0.3,1
inc10,calendar,3,181,1.0,0.3,2
inc10,calendar,3,195,1.0,0.3,3
inc10,calendar,3,209,1.0,0.3,4
inc10,calendar,3,223,1.0,0.3,5
rue064,calendar,1,15,1.0,0.3,1
rue064,calendar,1,29,1.0,0.3,2
rue064,calendar,1,43,1.0,0.2,3
rue064,calendar,1,57,1.0,0.3,4
rue064,calendar,1,71,1.0,0.3,5
rue064,calendar,2,91,1.0,0.3,1
rue064,calendar,2,105,1.0,0.3,2
rue064,calendar,2,119,1.0,0.3,3
rue064,calendar,2,133,1.0,0.3,4
rue064,calendar,2,147,1.0,0.2,5
rue064,calendar,3,167,1.0,0.3,1
rue064,calendar,3,181,1.0,0.3,2
rue064,calendar,3,195,1.0,0.3,3
rue064,calendar,3,209,1.0,0.3,4
rue064,calendar,3,223,1.0,0.3,5
rue12,calendar,1,15,1.0,0.3,1
rue12,calendar,1,29,1.0,0.3,2
rue12,calendar,1,43,1.0,0.2,3
rue12,calendar,1,57,0.9,0.18,4
rue12,calendar,1,71,1.0,0.3,5
rue12,calendar,2,91,1.0,0.3,1
rue12,calendar,2,105,1.0,0.3,2
rue12,calendar,2,119,1.0,0.3,3
rue12,calendar,2,133,1.0,0.2,4
rue12,calendar,2,147,1.0,0.3,5
rue12,calendar,3,167,0.9,0.28,1
rue12,calendar,3,181,1.0,0.3,2
rue12,calendar,3,195,1.0,0.2,3
rue12,calendar,3,209,1.0,0.3,4
rue12,calendar,3,223,1.0,0.3,5
thresh02,calendar,1,15,1.0,0.3,1
thresh02,calendar,1,29,1.0,0.3,2
thresh02,calendar,1,43,1.0,0.3,3
thresh02,calendar,1,57,1.0,0.3,4
thresh02,calendar,1,71,1.0,0.3,5
thresh02,calendar,2,91,1.0,0.3,1
thresh02,calendar,2,105,1.0,0.3,2
thresh02,calendar,2,119,1.0,0.3,3
thresh02,calendar,2,133,1.0,0.2,4
thresh02,calendar,2,147,1.0,0.3,5
thresh02,calendar,3,167,0.8,0.26,1
thresh02,calendar,3,181,1.0,0.2,2
thresh02,calendar,3,195,1.0,0.3,3
thresh02,calendar,3,209,1.0,0.3,4
thresh02,calendar,3,223,1.0,0.2,5
thresh04,calendar,1,15,0.9,0.28,1
thresh04,calendar,1,29,1.0,0.2,2
thresh04,calendar,1,43,1.0,0.3,3
thresh04,calendar,1,57,1.0,0.3,4
thresh04,calendar,1,71,1.0,0.2,5
thresh04,calendar,2,91,1.0,0.3,1
thresh04,calendar,2,105,1.0,0.3,2
thresh04,calendar,2,119,1.0,0.2,3
thresh04,calendar,2,133,1.0,0.2,4
thresh04,calendar,2,147,1.0,0.3,5
thresh04,calendar,3,167,1.0,0.3,1
thresh04,calendar,3,181,1.0,0.3,2
thresh04,calendar,3,195,1.0,0.3,3
thresh04,calendar,3,209,1.0,0.3,4
thresh04,calendar,3,223,1.0,0.2,5
decay00,threshold,1,8,0.4,0.18,1
decay00,threshold,1,15,0.68,0.236,2
decay00,threshold,1,22,0.836,0.267,3
decay00,threshold,1,29,0.667,0.233,4
decay00,threshold,1,36,0.733,0.247,5
decay00,threshold,1,43,0.747,0.249,6
decay00,threshold,1,50,0.749,0.25,7
decay00,threshold,1,57,0.55,0.21,8
decay00,threshold,1,64,0.61,0.122,9
decay00,threshold,1,71,0.622,0.224,10
decay00,threshold,2,84,0.5,0.2,1
decay00,threshold,2,91,0.6,0.22,2
decay00,threshold,2,98,0.52,0.204,3
decay00,threshold,2,105,0.804,0.261,4
decay00,threshold,2,112,0.861,0.272,5
decay00,threshold,2,119,0.772,0.254,6
decay00,threshold,2,126,0.654,0.231,7
decay00,threshold,2,133,0.631,0.226,8
decay00,threshold,2,140,0.726,0.245,9
decay00,threshold,2,147,0.645,0.229,10
decay00,threshold,3,160,0.6,0.22,1
decay00,threshold,3,167,0.82,0.264,2
decay00,threshold,3,174,0.764,0.253,3
decay00,threshold,3,181,0.853,0.171,4
decay00,threshold,3,188,0.571,0.214,5
decay00,threshold,3,195,0.714,0.243,6
decay00,threshold,3,202,0.643,0.229,7
decay00,threshold,3,209,0.829,0.166,8
decay00,threshold,3,216,0.666,0.233,9
decay00,threshold,3,223,0.633,0.227,10
decay05,threshold,1,8,0.6,0.22,1
decay05,threshold,1,15,0.72,0.244,2
decay05,threshold,1,22,0.744,0.249,3
decay05,threshold,1,29,0.649,0.23,4
decay05,threshold,1,36,0.83,0.166,5
decay05,threshold,1,43,0.566,0.113,6
decay05,threshold,1,50,0.613,0.223,7
decay05,threshold,1,57,0.823,0.165,8
decay05,threshold,1,64,0.565,0.213,9
decay05,threshold,1,71,0.713,0.243,10
decay05,threshold,2,84,0.7,0.24,1
decay05,threshold,2,91,0.64,0.228,2
decay05,threshold,2,98,0.728,0.146,3
decay05,threshold,2,105,0.546,0.209,4
decay05,threshold,2,112,0.609,0.222,5
decay05,threshold,2,119,0.722,0.244,6
decay05,threshold,2,126,0.844,0.269,7
decay05,threshold,2,133,0.769,0.154,8
decay05,threshold,2,140,0.754,0.251,9
decay05,threshold,2,147,0.651,0.13,10
decay05,threshold,3,160,0.7,0.24,1
decay05,threshold,3,167,0.74,0.248,2
decay05,threshold,3,174,0.748,0.25,3
decay05,threshold,3,181,0.75,0.15,4
decay05,threshold,3,188,0.75,0.25,5
decay05,threshold,3,195,0.65,0.23,6
decay05,threshold,3,202,0.83,0.266,7
decay05,threshold,3,209,0.366,0.173,8
decay05,threshold,3,216,0.773,0.255,9
decay05,threshold,3,223,0.755,0.251,10
eff06,threshold,1,8,0.5,0.3,1
eff06,threshold,1,15,0.7,0.38,2
eff06,threshold,1,22,0.88,0.452,3
eff06,threshold,1,29,0.952,0.481,4
eff06,threshold,1,36,0.781,0.412,5
eff06,threshold,1,43,0.712,0.285,6
eff06,threshold,1,50,0.785,0.414,7
eff06,threshold,1,57,0.914,0.466,8
eff06,threshold,1,64,0.866,0.346,9
eff06,threshold,1,71,0.846,0.438,10
eff06,threshold,2,84,0.6,0.34,1
eff06,threshold,2,91,0.84,0.436,2
eff06,threshold,2,98,0.836,0.434,3
eff06,threshold,2,105,0.834,0.434,4
eff06,threshold,2,112,0.834,0.434,5
eff06,threshold,2,119,0.834,0.333,6
eff06,threshold,2,126,0.833,0.333,7
eff06,threshold,2,133,0.833,0.333,8
eff06,threshold,2,140,0.833,0.433,9
eff06,threshold,2,147,0.833,0.333,10
eff06,threshold,3,160,0.4,0.26,1
eff06,threshold,3,167,0.66,0.364,2
eff06,threshold,3,174,0.964,0.486,3
eff06,threshold,3,181,1.0,0.5,4
eff06,threshold,3,188,0.7,0.38,5
eff06,threshold,3,195,0.78,0.312,6
eff06,threshold,3,202,0.812,0.425,7
eff06,threshold,3,209,0.925,0.47,8
eff06,threshold,3,216,0.87,0.348,9
eff06,threshold,3,223,0.848,0.439,10
eff09,threshold,1,8,0.4,0.14,1
eff09,threshold,1,15,0.54,0.154,2
eff09,threshold,1,22,0.554,0.055,3
eff09,threshold,1,29,0.655,0.166,4
eff09,threshold,1,36,0.566,0.157,5
eff09,threshold,1,43,0.557,0.156,6
eff09,threshold,1,50,0.656,0.166,7
eff09,threshold,1,57,0.666,0.067,8
eff09,threshold,1,66,0.367,0.137,9
eff09,threshold,1,73,0.637,0.164,10
eff09,threshold,2,84,0.7,0.17,1
eff09,threshold,2,91,0.77,0.077,2
eff09,threshold,2,98,0.477,0.148,3
eff09,threshold,2,105,0.748,0.075,4
eff09,threshold,2,113,0.375,0.137,5
eff09,threshold,2,120,0.637,0.164,6
eff09,threshold,2,127,0.664,0.166,7
eff09,threshold,2,134,0.766,0.177,8
eff09,threshold,2,141,0.577,0.158,9
eff09,threshold,2,148,0.558,0.156,10
eff09,threshold,3,160,0.4,0.14,1
eff09,threshold,3,167,0.74,0.074,2
eff09,threshold,3,174,0.574,0.157,3
eff09,threshold,3,181,0.657,0.166,4
eff09,threshold,3,188,0.666,0.167,5
eff09,threshold,3,195,0.567,0.157,6
eff09,threshold,3,202,0.657,0.166,7
eff09,threshold,3,209,0.666,0.167,8
eff09,threshold,3,216,0.667,0.167,9
eff09,threshold,3,223,0.667,0.167,10
inc05,threshold,1,8,0.35,0.12,1
inc05,threshold,1,15,0.32,0.114,2
inc05,threshold,1,23,0.314,0.113,3
inc05,threshold,1,30,0.363,0.073,4
inc05,threshold,1,38,0.323,0.115,5
inc05,threshold,1,45,0.365,0.123,6
inc05,threshold,1,52,0.373,0.125,7
inc05,threshold,1,59,0.325,0.115,8
inc05,threshold,1,66,0.365,0.123,9
inc05,threshold,1,73,0.423,0.135,10
inc05,threshold,2,84,0.35,0.12,1
inc05,threshold,2,91,0.42,0.134,2
inc05,threshold,2,98,0.334,0.117,3
inc05,threshold,2,105,0.367,0.073,4
inc05,threshold,2,112,0.323,0.115,5
inc05,threshold,2,119,0.315,0.113,6
inc05,threshold,2,126,0.363,0.073,7
inc05,threshold,2,135,0.323,0.065,8
inc05,threshold,2,143,0.315,0.113,9
inc05,threshold,2,150,0.413,0.133,10
inc05,threshold,3,162,0.35,0.12,1
inc05,threshold,3,171,0.32,0.114,2
inc05,threshold,3,178,0.414,0.133,3
inc05,threshold,3,185,0.383,0.127,4
inc05,threshold,3,192,0.377,0.125,5
inc05,threshold,3,199,0.375,0.125,6
inc05,threshold,3,206,0.325,0.065,7
inc05,threshold,3,213,0.315,0.113,8
inc05,threshold,3,220,0.313,0.113,9
inc05,threshold,3,227,0.363,0.073,10
inc10,threshold,1,8,0.7,0.14,1
inc10,threshold,1,15,0.64,0.228,2
inc10,threshold,1,22,0.828,0.166,3
inc10,threshold,1,29,0.666,0.133,4
inc10,threshold,1,36,0.733,0.147,5
inc10,threshold,1,43,0.647,0.229,6
inc10,threshold,1,50,0.829,0.266,7
inc10,threshold,1,57,0.766,0.253,8
inc10,threshold,1,64,0.853,0.271,9
inc10,threshold,1,71,0.871,0.274,10
inc10,threshold,2,84,0.5,0.2,1
inc10,threshold,2,91,0.7,0.24,2
inc10,threshold,2,98,0.74,0.248,3
inc10,threshold,2,105,0.748,0.25,4
inc10,threshold,2,112,0.55,0.21,5
inc10,threshold,2,119,0.81,0.162,6
inc10,threshold,2,126,0.762,0.252,7
inc10,threshold,2,133,0.752,0.15,8
inc10,threshold,2,140,0.65,0.13,9
inc10,threshold,2,147,0.63,0.226,10
inc10,threshold,3,160,0.5,0.2,1
inc10,threshold,3,167,0.7,0.24,2
inc10,threshold,3,174,0.54,0.108,3
inc10,threshold,3,181,0.408,0.182,4
inc10,threshold,3,188,0.682,0.236,5
inc10,threshold,3,195,0.836,0.267,6
inc10,threshold,3,202,0.767,0.253,7
inc10,threshold,3,209,0.653,0.231,8
inc10,threshold,3,216,0.731,0.246,9
inc10,threshold,3,223,0.746,0.149,10
rue064,threshold,1,8,0.5,0.2,1
rue064,threshold,1,15,0.6,0.22,2
rue064,threshold,1,22,0.72,0.144,3
rue064,threshold,1,29,0.744,0.249,4
rue064,threshold,1,36,0.849,0.27,5
rue064,threshold,1,43,0.67,0.134,6
rue064,threshold,1,50,0.534,0.207,7
rue064,threshold,1,57,0.807,0.261,8
rue064,threshold,1,64,0.761,0.252,9
rue064,threshold,1,71,0.652,0.23,10
rue064,threshold,2,84,0.5,0.2,1
rue064,threshold,2,91,0.6,0.22,2
rue064,threshold,2,98,0.82,0.264,3
rue064,threshold,2,105,0.764,0.153,4
rue064,threshold,2,112,0.653,0.231,5
rue064,threshold,2,119,0.731,0.246,6
rue064,threshold,2,126,0.746,0.149,7
rue064,threshold,2,133,0.749,0.25,8
rue064,threshold,2,140,0.85,0.27,9
rue064,threshold,2,147,0.77,0.254,10
rue064,threshold,3,160,0.5,0.1,1
rue064,threshold,3,167,0.6,0.22,2
rue064,threshold,3,174,0.82,0.264,3
rue064,threshold,3,181,0.664,0.233,4
rue064,threshold,3,188,0.833,0.267,5
rue064,threshold,3,195,0.467,0.193,6
rue064,threshold,3,202,0.693,0.239,7
rue064,threshold,3,209,0.639,0.228,8
rue064,threshold,3,216,0.728,0.246,9
rue064,threshold,3,223,0.746,0.249,10
rue12,threshold,1,8,0.6,0.22,1
rue12,threshold,1,15,0.82,0.264,2
rue12,threshold,1,22,0.764,0.253,3
rue12,threshold,1,29,0.853,0.271,4
rue12,threshold,1,36,0.771,0.254,5
rue12,threshold,1,43,0.854,0.271,6
rue12,threshold,1,50,0.771,0.254,7
rue12,threshold,1,57,0.754,0.251,8
rue12,threshold,1,64,0.751,0.25,9
rue12,threshold,1,71,0.75,0.25,10
rue12,threshold,2,84,0.4,0.18,1
rue12,threshold,2,91,0.68,0.136,2
rue12,threshold,2,98,0.636,0.227,3
rue12,threshold,2,105,0.727,0.245,4
rue12,threshold,2,112,0.745,0.249,5
rue12,threshold,2,119,0.649,0.23,6
rue12,threshold,2,126,0.63,0.126,7
rue12,threshold,2,133,0.326,0.065,8
rue12,threshold,2,140,0.565,0.213,9
rue12,threshold,2,147,0.713,0.243,10
rue12,threshold,3,160,0.7,0.24,1
rue12,threshold,3,167,0.74,0.248,2
rue12,threshold,3,174,0.548,0.11,3
rue12,threshold,3,181,0.61,0.222,4
rue12,threshold,3,188,0.722,0.244,5
rue12,threshold,3,195,0.644,0.229,6
rue12,threshold,3,202,0.629,0.126,7
rue12,threshold,3,209,0.626,0.225,8
rue12,threshold,3,216,0.725,0.245,9
rue12,threshold,3,223,0.545,0.109,10
thresh02,threshold,1,8,0.6,0.22,1
thresh02,threshold,1,15,0.42,0.084,2
thresh02,threshold,1,22,0.484,0.097,3
thresh02,threshold,1,29,0.697,0.239,4
thresh02,threshold,1,36,0.739,0.248,5
thresh02,threshold,1,43,0.648,0.23,6
thresh02,threshold,1,50,0.83,0.266,7
thresh02,threshold,1,57,0.666,0.133,8
thresh02,threshold,1,64,0.633,0.227,9
thresh02,threshold,1,71,0.627,0.225,10
thresh02,threshold,2,84,0.7,0.14,1
thresh02,threshold,2,91,0.74,0.248,2
thresh02,threshold,2,98,0.848,0.27,3
thresh02,threshold,2,105,0.77,0.154,4
thresh02,threshold,2,112,0.654,0.231,5
thresh02,threshold,2,119,0.831,0.266,6
thresh02,threshold,2,126,0.766,0.253,7
thresh02,threshold,2,133,0.753,0.251,8
thresh02,threshold,2,140,0.851,0.27,9
thresh02,threshold,2,147,0.67,0.234,10
thresh02,threshold,3,160,0.6,0.12,1
thresh02,threshold,3,167,0.62,0.224,2
thresh02,threshold,3,174,0.624,0.125,3
thresh02,threshold,3,181,0.625,0.125,4
thresh02,threshold,3,188,0.525,0.205,5
thresh02,threshold,3,195,0.805,0.161,6
thresh02,threshold,3,202,0.661,0.232,7
thresh02,threshold,3,209,0.732,0.146,8
thresh02,threshold,3,216,0.546,0.209,9
thresh02,threshold,3,223,0.609,0.122,10
thresh04,threshold,1,8,0.6,0.22,1
thresh04,threshold,1,15,0.72,0.144,2
thresh04,threshold,1,22,0.444,0.189,3
thresh04,threshold,1,29,0.689,0.238,4
thresh04,threshold,1,36,0.838,0.268,5
thresh04,threshold,1,43,0.768,0.154,6
thresh04,threshold,1,50,0.654,0.231,7
thresh04,threshold,1,57,0.731,0.246,8
thresh04,threshold,1,64,0.646,0.129,9
thresh04,threshold,1,71,0.629,0.126,10
thresh04,threshold,2,87,0.5,0.2,1
thresh04,threshold,2,94,0.7,0.14,2
thresh04,threshold,2,101,0.64,0.128,3
thresh04,threshold,2,108,0.628,0.126,4
thresh04,threshold,2,115,0.626,0.125,5
thresh04,threshold,2,122,0.625,0.125,6
thresh04,threshold,2,129,0.525,0.205,7
thresh04,threshold,2,136,0.705,0.241,8
thresh04,threshold,2,143,0.741,0.248,9
thresh04,threshold,2,150,0.648,0.23,10
thresh04,threshold,3,162,0.5,0.2,1
thresh04,threshold,3,169,0.6,0.22,2
thresh04,threshold,3,176,0.72,0.144,3
thresh04,threshold,3,183,0.644,0.229,4
thresh04,threshold,3,190,0.629,0.226,5
thresh04,threshold,3,197,0.626,0.225,6
thresh04,threshold,3,204,0.725,0.245,7
thresh04,threshold,3,211,0.745,0.149,8
thresh04,threshold,3,218,0.649,0.23,9
thresh04,threshold,3,225,0.73,0.246,10
