run_id,strategy,calendar_interval,season,grain_tha,pest_loss_tha,spray_count,end_money
calendar_2,calendar,7,1,3.5250472625304745,0.4825303374695252,10,14575.141787591423
calendar_3,calendar,7,1,3.5204675804660472,0.48711001953395183,10,14561.402741398142
calendar_0,calendar,7,1,3.5867160148195074,0.4208615851804916,10,14760.148044458523
calendar_1,calendar,7,1,3.5085679785005968,0.49900962149940564,10,14525.70393550179
calendar_2,calendar,7,2,3.4888400837712306,0.5187375162287686,10,24041.662038905117
calendar_3,calendar,7,2,3.524130684071309,0.483446915928691,10,24133.79479361207
calendar_0,calendar,7,2,3.5102927165257602,0.4972848834742374,10,24291.026194035803
calendar_1,calendar,7,2,3.5200391676177816,0.4875384323822171,10,24085.821438355135
calendar_2,calendar,7,3,3.5032342626316764,0.5043433373683243,10,33551.36482680014
calendar_3,calendar,7,3,3.466478004601457,0.541099595398543,10,33533.22880741644
calendar_0,calendar,7,3,3.524682807854617,0.4828947921453835,10,33865.074617599654
calendar_1,calendar,7,3,3.506422731331544,0.5011548686684555,10,33605.089632349765
calendar_6,calendar,7,1,3.457959776875698,0.5496178231242999,10,14373.879330627095
calendar_7,calendar,7,1,3.4976294053432366,0.509948194656763,10,14492.88821602971
calendar_4,calendar,7,1,3.520251693729971,0.4873259062700287,10,14560.755081189913
calendar_5,calendar,7,1,3.4961799833839935,0.5113976166160081,10,14488.53995015198
calendar_6,calendar,7,2,3.525081619780536,0.48249598021946327,10,23949.1241899687
calendar_7,calendar,7,2,3.5457293846127858,0.46184821538721355,10,24130.076369868068
calendar_4,calendar,7,2,3.5288831733640165,0.4786944266359835,10,24147.40460128196
calendar_5,calendar,7,2,3.5101959546266404,0.4973816453733608,10,24019.1278140319
calendar_6,calendar,7,3,3.536122826660584,0.47145477333941543,10,33557.49266995046
calendar_7,calendar,7,3,3.615343704229503,0.39223389577049733,10,33976.107482556574
calendar_4,calendar,7,3,3.546458340664492,0.46111925933550885,10,33786.77962327543
calendar_5,calendar,7,3,3.5677779965245,0.4397996034755011,10,33722.4618036054
calendar_10,calendar,7,1,3.497102954030966,0.510474645969032,10,14491.3088620929
calendar_11,calendar,7,1,3.4790956144668406,0.528481985533159,10,14437.286843400521
calendar_8,calendar,7,1,3.522365233364001,0.4852123666359994,10,14567.095700092004
calendar_9,calendar,7,1,3.544802260698263,0.4627753393017362,10,14634.40678209479
calendar_10,calendar,7,2,3.528582538181829,0.4789950618181723,10,24077.056476638387
calendar_11,calendar,7,2,3.477399537228996,0.5301780627710047,10,23869.48545508751
calendar_8,calendar,7,2,3.539567298070202,0.46801030192979787,10,24185.79759430261
calendar_9,calendar,7,2,3.553376426050314,0.454201173949687,10,24294.53606024573
calendar_10,calendar,7,3,3.487304320554815,0.5202732794451846,10,33538.96943830283
calendar_11,calendar,7,3,3.5342334077797055,0.4733441922202957,10,33472.18567842663
calendar_8,calendar,7,3,3.5155802098368536,0.49199739016314636,10,33732.53822381317
calendar_9,calendar,7,3,3.5158643803578253,0.4917132196421747,10,33842.12920131921
calendar_14,calendar,7,1,3.560488005634419,0.4470895943655805,10,14681.464016903257
calendar_15,calendar,7,1,3.56116169625101,0.446415903748989,10,14683.48508875303
calendar_12,calendar,7,1,3.506700703631213,0.5008768963687865,10,14520.102110893638
calendar_13,calendar,7,1,3.496104339325248,0.5114732606747503,10,14488.313017975743
calendar_14,calendar,7,2,3.5684041729931217,0.4391734270068798,10,24386.676535882623
calendar_15,calendar,7,2,3.583084646134947,0.42449295386505237,10,24432.73902715787
calendar_12,calendar,7,2,3.4927624182833394,0.5148151817166605,10,23998.389365743657
calendar_13,calendar,7,2,3.569622449457057,0.4379551505429435,10,24197.180366346915
calendar_14,calendar,7,3,3.5047994654508847,0.5027781345491146,10,33901.07493223528
calendar_15,calendar,7,3,3.50499165211396,0.5025859478860405,10,33947.71398349975
calendar_12,calendar,7,3,3.4860727452540843,0.5215048547459182,10,33456.60760150591
calendar_13,calendar,7,3,3.5625104129496545,0.4450671870503459,10,33884.71160519588
calendar_18,calendar,7,1,3.5962737197268773,0.4113038802731235,10,14788.821159180632
calendar_19,calendar,7,1,3.566217336407517,0.44136026359248376,10,14698.652009222551
calendar_16,calendar,7,1,3.503111317172158,0.5044662828278423,10,14509.333951516473
calendar_17,calendar,7,1,3.509822714767448,0.4977548852325501,10,14529.468144302344
calendar_18,calendar,7,2,3.5491879740606214,0.45838962593937965,10,24436.385081362496
calendar_19,calendar,7,2,3.472242600976685,0.5353349990233162,10,24115.379812152605
calendar_16,calendar,7,2,3.495240766286847,0.5123368337131524,10,23995.056250377012
calendar_17,calendar,7,2,3.498812812330972,0.5087647876690293,10,24025.90658129526
calendar_18,calendar,7,3,3.534770660199958,0.4728069398000438,10,34040.69706196237
calendar_19,calendar,7,3,3.5512481027984513,0.4563294972015485,10,33769.12412054796
calendar_16,calendar,7,3,3.5316832679920123,0.47589433200798825,10,33590.10605435305
calendar_17,calendar,7,3,3.5464904309076344,0.4610871690923648,10,33665.377874018166
calendar_22,calendar,7,1,3.5014017838075064,0.5061758161924926,10,14504.205351422519
calendar_23,calendar,7,1,3.5515375662871667,0.45604003371283486,10,14654.6126988615
calendar_20,calendar,7,1,3.592106245016311,0.41547135498368987,10,14776.318735048933
calendar_21,calendar,7,1,3.5219276713827314,0.4856499286172691,10,14565.783014148194
calendar_22,calendar,7,2,3.6010576274231103,0.4065199725768916,10,24307.378233691852
calendar_23,calendar,7,2,3.5285264150585416,0.4790511849414589,10,24240.191944037124
calendar_20,calendar,7,2,3.5205017967613856,0.4870758032386144,10,24337.824125333093
calendar_21,calendar,7,2,3.5092805361108037,0.4982970638891977,10,24093.624622480605
calendar_22,calendar,7,3,3.5392219596750283,0.46835564032496857,10,33925.04411271693
calendar_23,calendar,7,3,3.4513792099810674,0.556198390018933,10,33594.32957398033
calendar_20,calendar,7,3,3.498946823655968,0.508630776344032,10,33834.664596300994
calendar_21,calendar,7,3,3.493226199268562,0.5143514007314365,10,33573.303220286296
calendar_26,calendar,7,1,3.457881036220359,0.5496965637796405,10,14373.643108661077
calendar_27,calendar,7,1,3.4753443397582515,0.5322332602417464,10,14426.033019274755
calendar_24,calendar,7,1,3.5505408451839053,0.4570367548160944,10,14651.622535551716
calendar_25,calendar,7,1,3.543447503562872,0.4641300964371297,10,14630.342510688615
calendar_26,calendar,7,2,3.473016220176209,0.5345613798237911,10,23792.691769189703
calendar_27,calendar,7,2,3.516348146232412,0.49122945376758836,10,23975.07745797199
calendar_24,calendar,7,2,3.5232032983874797,0.48437430161252104,10,24221.232430714153
calendar_25,calendar,7,2,3.5408607076798617,0.46671689232013974,10,24252.924633728202
calendar_26,calendar,7,3,3.5153281077093683,0.4922494922906303,10,33338.67609231781
calendar_27,calendar,7,3,3.6193830457801695,0.388194554219828,10,33833.2265953125
calendar_24,calendar,7,3,3.5364054334046062,0.47117216659539374,10,33830.44873092797
calendar_25,calendar,7,3,3.5419859924508006,0.4655916075491996,10,33878.882611080604
calendar_30,calendar,7,1,3.5359619372250513,0.47161566277494865,10,14607.885811675154
calendar_31,calendar,7,1,3.5691909122623127,0.4383866877376865,10,14707.572736786939
calendar_28,calendar,7,1,3.5462655767325355,0.4613120232674638,10,14638.796730197606
calendar_29,calendar,7,1,3.524576762292483,0.4830008377075164,10,14573.73028687745
calendar_30,calendar,7,2,3.459548113377942,0.5480294866220585,10,23986.53015180898
calendar_31,calendar,7,2,3.595882248788905,0.4116953512110942,10,24495.219483153654
calendar_28,calendar,7,2,3.560335585119355,0.44724201488064685,10,24319.80348555567
calendar_29,calendar,7,2,3.500404761685706,0.5071728383142923,10,24074.944571934568
calendar_30,calendar,7,3,3.5470377027746283,0.46053989722537025,10,33627.64326013286
calendar_31,calendar,7,3,3.5355350900613973,0.4720425099386026,10,34101.824753337845
calendar_28,calendar,7,3,3.474897803236512,0.5326797967634888,10,33744.496895265205
calendar_29,calendar,7,3,3.5293074461383633,0.4782701538616369,10,33662.86691034966
calendar_34,calendar,7,1,3.4902383345118477,0.5173392654881527,10,14470.715003535543
calendar_35,calendar,7,1,3.4562222459966154,0.5513553540033843,10,14368.666737989846
calendar_32,calendar,7,1,3.5497434862781674,0.45783411372183247,10,14649.230458834501
calendar_33,calendar,7,1,3.541261380907013,0.4663162190929871,10,14623.784142721039
calendar_34,calendar,7,2,3.49735160411475,0.5102259958852499,10,23962.769815879794
calendar_35,calendar,7,2,3.509478667466853,0.4980989325331473,10,23897.102740390405
calendar_32,calendar,7,2,3.4879260832547305,0.5196515167452685,10,24113.008708598692
calendar_33,calendar,7,2,3.5135354378272634,0.49404216217273783,10,24164.39045620283
calendar_34,calendar,7,3,3.558898864302016,0.4486787356979835,10,33639.46640878584
calendar_35,calendar,7,3,3.5166787847416567,0.4908988152583434,10,33447.13909461538
calendar_32,calendar,7,3,3.524433553307682,0.4831440466923163,10,33686.30936852174
calendar_33,calendar,7,3,3.597591383794697,0.4099862162053019,10,33957.16460758692
calendar_38,calendar,7,1,3.493287480027412,0.514290119972588,10,14479.862440082235
calendar_39,calendar,7,1,3.5096432869906256,0.49793431300937635,10,14528.929860971877
calendar_36,calendar,7,1,3.529110595718991,0.47846700428100725,10,14587.331787156974
calendar_37,calendar,7,1,3.508394459348413,0.4991831406515874,10,14525.18337804524
calendar_38,calendar,7,2,3.527883247087467,0.47969435291253126,10,24063.51218134464
calendar_39,calendar,7,2,3.5163845230901023,0.4911930769098965,10,24078.083430242186
calendar_36,calendar,7,2,3.559690045067388,0.4478875549326093,10,24266.40192235914
calendar_37,calendar,7,2,3.5125281232861276,0.49504947671387095,10,24062.76774790362
calendar_38,calendar,7,3,3.4886132977369027,0.5189643022630973,10,33529.35207455535
calendar_39,calendar,7,3,3.5418133200378525,0.4657642799621469,10,33703.523390355746
calendar_36,calendar,7,3,3.5125461286067816,0.4950314713932186,10,33804.04030817948
calendar_37,calendar,7,3,3.4686775670721377,0.5389000329278608,10,33468.80044912003
calendar_42,calendar,10,1,3.3820418597317974,0.6255357402682038,7,14446.125579195392
calendar_43,calendar,10,1,3.2857697239673302,0.7218078760326704,7,14157.30917190199
calendar_40,calendar,10,1,3.2760644194263957,0.7315131805736047,7,14128.193258279187
calendar_41,calendar,10,1,3.3398985583836924,0.6676790416163069,7,14319.695675151077
calendar_42,calendar,10,2,3.3385660494660643,0.6690115505339346,7,23761.823727593583
calendar_43,calendar,10,2,3.255073383745685,0.7525042162543156,7,23222.529323139046
calendar_40,calendar,10,2,3.3193607440251016,0.688216855974899,7,23386.275490354492
calendar_41,calendar,10,2,3.3128809808575843,0.6946966191424153,7,23558.338617723828
calendar_42,calendar,10,3,3.3467399350155187,0.6608376649844798,7,33102.043532640135
calendar_43,calendar,10,3,3.31916039451076,0.688417205489241,7,32480.010506671326
calendar_40,calendar,10,3,3.309790429862499,0.6977871701375021,7,32615.646779941988
calendar_41,calendar,10,3,3.367887923053708,0.6396896769462926,7,32962.00238688495
calendar_46,calendar,10,1,3.290239284821704,0.7173383151782968,7,14170.717854465112
calendar_47,calendar,10,1,3.3482062792721576,0.6593713207278438,7,14344.618837816473
calendar_44,calendar,10,1,3.403015257688163,0.6045623423118374,7,14509.04577306449
calendar_45,calendar,10,1,3.3731537231048936,0.634423876895107,7,14419.46116931468
calendar_46,calendar,10,2,3.326085168288908,0.6814924317110915,7,23448.973359331838
calendar_47,calendar,10,2,3.407305478262166,0.600272121737834,7,23866.53527260297
calendar_44,calendar,10,2,3.3811437003054365,0.6264338996945624,7,23952.4768739808
calendar_45,calendar,10,2,3.34489232346533,0.6626852765346698,7,23754.138139710667
calendar_46,calendar,10,3,3.3956578701452025,0.6119197298547965,7,32935.94696976744
calendar_47,calendar,10,3,3.1679430937170507,0.8396345062829487,7,32670.364553754123
calendar_44,calendar,10,3,3.310583628864293,0.6969939711357083,7,33184.227760573674
calendar_45,calendar,10,3,3.2675837447054374,0.7399938552945627,7,32856.88937382698
calendar_50,calendar,10,1,3.2541052492509532,0.7534723507490462,7,14062.31574775286
calendar_51,calendar,10,1,3.3207408770707376,0.6868367229292633,7,14262.222631212213
calendar_48,calendar,10,1,3.307422969238394,0.7001546307616071,7,14222.26890771518
calendar_49,calendar,10,1,3.3356562103318605,0.671921389668139,7,14306.968630995581
calendar_50,calendar,10,2,3.317823487711797,0.6897541122882033,7,23315.78621088825
calendar_51,calendar,10,2,3.319830432997722,0.6877471670022773,7,23521.71393020538
calendar_48,calendar,10,2,3.3051700971449782,0.7024075028550226,7,23437.779199150114
calendar_49,calendar,10,2,3.3401688373378478,0.6674087626621527,7,23627.475143009127
calendar_50,calendar,10,3,3.3179233831447847,0.6896542168552147,7,32569.556360322604
calendar_51,calendar,10,3,3.228368297088957,0.7792093029110418,7,32506.818821472254
calendar_48,calendar,10,3,3.2761711526410657,0.731406447358934,7,32566.29265707331
calendar_49,calendar,10,3,3.258221782183339,0.7493558178166619,7,32702.140489559144
calendar_54,calendar,10,1,3.245955918189125,0.7616216818108734,7,14037.867754567375
calendar_55,calendar,10,1,3.3044103682201564,0.7031672317798432,7,14213.23110466047
calendar_52,calendar,10,1,3.3803313723535915,0.6272462276464095,7,14440.994117060774
calendar_53,calendar,10,1,3.290763520196512,0.7168140798034877,7,14172.290560589536
calendar_54,calendar,10,2,3.329093664673797,0.6784839353262025,7,23325.148748588766
calendar_55,calendar,10,2,3.2750719243507036,0.732505675649296,7,23338.44687771258
calendar_52,calendar,10,2,3.3416659426338042,0.6659116573661946,7,23765.99194496219
calendar_53,calendar,10,2,3.3223973219529657,0.6851802780470334,7,23439.48252644843
calendar_54,calendar,10,3,3.409582938862357,0.5979946611376431,7,32853.89756517584
calendar_55,calendar,10,3,3.256832436001586,0.7507451639984141,7,32408.944185717337
calendar_52,calendar,10,3,3.4051590005922097,0.6024185994077902,7,33281.468946738816
calendar_53,calendar,10,3,3.342280566823068,0.6652970331769317,7,32766.324226917633
calendar_58,calendar,10,1,3.3820854501902664,0.6254921498097337,7,14446.256350570799
calendar_59,calendar,10,1,3.399831696924374,0.6077459030756261,7,14499.495090773122
calendar_56,calendar,10,1,3.3438801748259013,0.6636974251740996,7,14331.640524477703
calendar_57,calendar,10,1,3.2656893014448163,0.7418882985551841,7,14097.067904334448
calendar_58,calendar,10,2,3.2998263767978897,0.7077512232021116,7,23645.735480964468
calendar_59,calendar,10,2,3.2794366776881465,0.7281409223118559,7,23637.805123837563
calendar_56,calendar,10,2,3.3252063547536137,0.6823712452463867,7,23607.259588738547
calendar_57,calendar,10,2,3.2670913537015567,0.740486246298444,7,23198.34196543912
calendar_58,calendar,10,3,3.3032408814884024,0.7043367185115972,7,32855.45812542968
calendar_59,calendar,10,3,3.2570046108804456,0.7505729891195536,7,32708.8189564789
calendar_56,calendar,10,3,3.3100516386371126,0.697525961362886,7,32837.41450464989
calendar_57,calendar,10,3,3.2797770103144286,0.7278005896855712,7,32337.672996382404
calendar_62,calendar,10,1,3.3440782164985388,0.6634993835014603,7,14332.234649495616
calendar_63,calendar,10,1,3.3836268252085,0.6239507747915011,7,14450.880475625501
calendar_60,calendar,10,1,3.335420487833801,0.6721571121662,7,14306.261463501403
calendar_61,calendar,10,1,3.2626938273478228,0.7448837726521771,7,14088.081482043468
calendar_62,calendar,10,2,3.3616417184432485,0.645935881556754,7,23717.15980482536
calendar_63,calendar,10,2,3.3212187256650747,0.686358874334925,7,23714.536652620725
calendar_60,calendar,10,2,3.343277796864203,0.6642998031357971,7,23636.094854094015
calendar_61,calendar,10,2,3.32345260543196,0.6841249945680404,7,23358.439298339348
calendar_62,calendar,10,3,3.3260266594423036,0.6815509405576948,7,32995.23978315227
calendar_63,calendar,10,3,3.3353016888746203,0.6722759111253794,7,33020.44171924458
calendar_60,calendar,10,3,3.302994134306656,0.704583465693344,7,32845.07725701398
calendar_61,calendar,10,3,3.2785174979499274,0.7290601020500719,7,32493.991792189132
calendar_66,calendar,10,1,3.3361788232326375,0.6713987767673614,7,14308.536469697912
calendar_67,calendar,10,1,3.41013799623019,0.59743960376981,7,14530.41398869057
calendar_64,calendar,10,1,3.296173252451443,0.7114043475485563,7,14188.519757354328
calendar_65,calendar,10,1,3.290884654538222,0.7166929454617771,7,14172.653963614666
calendar_66,calendar,10,2,3.2544635740621524,0.7531140259378469,7,23371.92719188437
calendar_67,calendar,10,2,3.2614495979596545,0.7461280020403444,7,23614.762782569534
calendar_64,calendar,10,2,3.322880685597453,0.684696914402548,7,23457.16181414669
calendar_65,calendar,10,2,3.3942537017034544,0.6133238982965462,7,23655.41506872503
calendar_66,calendar,10,3,3.4115451431436203,0.5960324568563795,7,32906.56262131523
calendar_67,calendar,10,3,3.234212212086763,0.773365387913236,7,32617.399418829824
calendar_64,calendar,10,3,3.298323198921584,0.7092544010784172,7,32652.13141091144
calendar_65,calendar,10,3,3.2867244700032945,0.7208531299967059,7,32815.58847873491
calendar_70,calendar,10,1,3.264117352349744,0.7434602476502562,7,14092.352057049233
calendar_71,calendar,10,1,3.3159995044746764,0.6915780955253225,7,14247.998513424029
calendar_68,calendar,10,1,3.3000110001591283,0.7075665998408708,7,14200.033000477384
calendar_69,calendar,10,1,3.3112975535669817,0.6962800464330158,7,14233.892660700945
calendar_70,calendar,10,2,3.3433303118018984,0.6642472881981015,7,23422.342992454927
calendar_71,calendar,10,2,3.3522502790596564,0.6553273209403432,7,23604.749350603
calendar_68,calendar,10,2,3.348549736439548,0.6590278635604518,7,23545.682209796025
calendar_69,calendar,10,2,3.3816974055330107,0.6258801944669895,7,23678.984877299976
calendar_70,calendar,10,3,3.293263359757152,0.7143142402428488,7,32602.133071726385
calendar_71,calendar,10,3,3.275132282441857,0.7324453175581435,7,32730.146197928574
calendar_68,calendar,10,3,3.3079035805130252,0.699674019486974,7,32769.3929513351
calendar_69,calendar,10,3,3.291088188009859,0.7164894119901416,7,32852.24944132955
calendar_74,calendar,10,1,3.2942520694558075,0.7133255305441933,7,14182.756208367422
calendar_75,calendar,10,1,3.3189582998704488,0.688619300129552,7,14256.874899611346
calendar_72,calendar,10,1,3.205366899845355,0.8022107001546454,7,13916.100699536064
calendar_73,calendar,10,1,3.3974352229126925,0.6101423770873081,7,14492.305668738078
calendar_74,calendar,10,2,3.28881113802094,0.7187664619790607,7,23349.18962243024
calendar_75,calendar,10,2,3.280769714184207,0.7268078858157938,7,23399.184042163968
calendar_72,calendar,10,2,3.2869095990366146,0.7206680009633862,7,23076.829496645907
calendar_73,calendar,10,2,3.332360212516882,0.6752173874831178,7,23789.386306288725
calendar_74,calendar,10,3,3.302007470194368,0.7055701298056306,7,32555.212033013344
calendar_75,calendar,10,3,3.3249811671135876,0.682596432886412,7,32674.12754350473
calendar_72,calendar,10,3,3.3787642666956663,0.6288133333043334,7,32513.12229673291
calendar_73,calendar,10,3,3.2259184931973546,0.7816591068026463,7,32767.14178588079
calendar_78,calendar,10,1,3.309621724753005,0.6979558752469935,7,14228.865174259015
calendar_79,calendar,10,1,3.320623436619543,0.6869541633804574,7,14261.870309858628
calendar_76,calendar,10,1,3.371874876630301,0.6357027233696977,7,14415.624629890903
calendar_77,calendar,10,1,3.2912642715484144,0.716313328451585,7,14173.792814645243
calendar_78,calendar,10,2,3.3178852985174667,0.6896923014825345,7,23482.521069811417
calendar_79,calendar,10,2,3.3006887174463517,0.70688888255365,7,23463.936462197686
calendar_76,calendar,10,2,3.318527620459866,0.6890499795401342,7,23671.2074912705
calendar_77,calendar,10,2,3.3495641499397903,0.65801345006021,7,23522.485264464616
calendar_78,calendar,10,3,3.3718721550338944,0.6357054449661061,7,32898.1375349131
calendar_79,calendar,10,3,3.2955302166982325,0.712047383301767,7,32650.527112292384
calendar_76,calendar,10,3,3.3402868227311746,0.6672907772688238,7,32992.067959464024
calendar_77,calendar,10,3,3.4333323925071,0.5742452074928989,7,33122.482441985914
calendar_82,calendar,14,1,2.9776701125920577,1.0299074874079421,5,13433.010337776173
calendar_83,calendar,14,1,2.9789644511817674,1.028613148818234,5,13436.893353545302
calendar_80,calendar,14,1,3.0648760677894757,0.9427015322105256,5,13694.628203368427
calendar_81,calendar,14,1,2.986653819113749,1.0209237808862508,5,13459.961457341247
calendar_82,calendar,14,2,3.072823738371601,0.9347538616284006,5,22151.481552890975
calendar_83,calendar,14,2,3.0103428162041297,0.9972347837958709,5,21967.92180215769
calendar_80,calendar,14,2,2.902262774058775,1.1053148259412244,5,21901.41652554475
calendar_81,calendar,14,2,2.9488525153019602,1.0587250846980412,5,21806.51900324713
calendar_82,calendar,14,3,3.0567014603832723,0.950876139616729,5,30821.58593404079
calendar_83,calendar,14,3,2.985034608687559,1.0225429913124406,5,30423.025628220366
calendar_80,calendar,14,3,3.093920063497784,0.913657536502215,5,30683.176716038106
calendar_81,calendar,14,3,3.0605883777412446,0.9469892222587563,5,30488.284136470866
calendar_86,calendar,14,1,3.033655052452047,0.9739225475479525,5,13600.965157356142
calendar_87,calendar,14,1,3.0563880415015756,0.9511895584984258,5,13669.164124504727
calendar_84,calendar,14,1,2.9331610035981583,1.0744165964018408,5,13299.483010794474
calendar_85,calendar,14,1,2.9525346286676837,1.0550429713323168,5,13357.603886003051
calendar_86,calendar,14,2,3.1144571268835612,0.8931204731164387,5,22444.336538006828
calendar_87,calendar,14,2,2.875440424886651,1.1321371751133493,5,21795.48539916468
calendar_84,calendar,14,2,3.035576874635774,0.972000725364226,5,21906.213634701795
calendar_85,calendar,14,2,2.994591085727864,1.012986514272136,5,21841.377143186644
calendar_86,calendar,14,3,2.962522355552924,1.045055244447076,5,30831.9036046656
calendar_87,calendar,14,3,2.9964718224041946,1.0111057775958054,5,30284.900866377266
calendar_84,calendar,14,3,2.928693229499533,1.0788843705004671,5,30192.293323200392
calendar_85,calendar,14,3,3.0195750007081865,0.9880025992918132,5,30400.102145311204
calendar_90,calendar,14,1,2.847343343771821,1.1602342562281787,5,13042.030031315464
calendar_91,calendar,14,1,2.9626630494697803,1.0449145505302213,5,13387.98914840934
calendar_88,calendar,14,1,3.1279523801939666,0.8796252198060333,5,13883.8571405819
calendar_89,calendar,14,1,3.017351329137117,0.9902262708628835,5,13552.053987411351
calendar_90,calendar,14,2,2.9161767139938837,1.091400886006116,5,21290.560173297115
calendar_91,calendar,14,2,3.106380947351509,0.9011966526484915,5,22207.131990463866
calendar_88,calendar,14,2,3.030646176893306,0.976931423106694,5,22475.795671261818
calendar_89,calendar,14,2,3.1412236374778786,0.866353962522121,5,22475.724899844987
calendar_90,calendar,14,3,3.0669969267121333,0.9405806732878667,5,29991.550953433514
calendar_91,calendar,14,3,2.964261002047582,1.0433165979524182,5,30599.91499660661
calendar_88,calendar,14,3,3.099371830595915,0.9082057694040847,5,31273.91116304956
calendar_89,calendar,14,3,2.983124364932883,1.0244532350671167,5,30925.097994643635
calendar_94,calendar,14,1,3.0746608676794542,0.9329167323205458,5,13723.982603038363
calendar_95,calendar,14,1,2.897589486718276,1.1099881132817253,5,13192.768460154828
calendar_92,calendar,14,1,3.099337822020229,0.9082397779797716,5,13798.013466060687
calendar_93,calendar,14,1,3.083111757253795,0.9244658427462065,5,13749.335271761385
calendar_94,calendar,14,2,2.889211566128742,1.118366033871258,5,21891.617301424587
calendar_95,calendar,14,2,3.071318577308297,0.9362590226917026,5,21906.724192079717
calendar_92,calendar,14,2,2.9922304535161333,1.0153471464838677,5,22274.704826609086
calendar_93,calendar,14,2,3.204681862036375,0.8028957379636239,5,22863.38085787051
calendar_94,calendar,14,3,2.994375825466812,1.0132017745331878,5,30374.74477782502
calendar_95,calendar,14,3,3.0436392948020115,0.9639383051979894,5,30537.642076485754
calendar_92,calendar,14,3,3.0590338102984282,0.9485437897015718,5,30951.806257504373
calendar_93,calendar,14,3,3.0025259854588326,1.005051614541169,5,31370.95881424701
calendar_98,calendar,14,1,2.9946192190791554,1.012958380920845,5,13483.857657237466
calendar_99,calendar,14,1,3.0860122119288618,0.9215653880711401,5,13758.036635786586
calendar_96,calendar,14,1,3.2177950809055846,0.7897825190944159,5,14153.385242716753
calendar_97,calendar,14,1,3.00925122328075,0.9983263767192518,5,13527.75366984225
calendar_98,calendar,14,2,2.9883557080477234,1.0192218919522753,5,21948.924781380636
calendar_99,calendar,14,2,3.0951729309421756,0.9124046690578227,5,22543.555428613116
calendar_96,calendar,14,2,2.9885770722876983,1.0190005277123029,5,22619.116459579847
calendar_97,calendar,14,2,2.963768784037287,1.0438088159627135,5,21919.060021954112
calendar_98,calendar,14,3,3.0812805870376723,0.9262970129623281,5,30692.766542493653
calendar_99,calendar,14,3,2.9417656281249864,1.0658119718750132,5,30868.852312988074
calendar_96,calendar,14,3,3.072775813200298,0.9348017867997018,5,31337.44389918074
calendar_97,calendar,14,3,2.9442126017129095,1.0633649982870892,5,30251.69782709284
calendar_102,calendar,14,1,2.971947294121005,1.035630305878996,5,13415.841882363015
calendar_103,calendar,14,1,3.0123658205886135,0.9952117794113845,5,13537.097461765841
calendar_100,calendar,14,1,3.0577175044174183,0.9498600955825813,5,13673.152513252255
calendar_101,calendar,14,1,2.977671661626819,1.0299059383731801,5,13433.014984880458
calendar_102,calendar,14,2,3.0062226727540025,1.0013549272459972,5,21934.509900625024
calendar_103,calendar,14,2,3.026535837860611,0.981041762139389,5,22116.704975347675
calendar_100,calendar,14,2,2.936075315180673,1.0715022848193265,5,21981.378458794272
calendar_101,calendar,14,2,3.0577422433887382,0.9498353566112607,5,22106.24171504667
calendar_102,calendar,14,3,3.045257667308165,0.9623199326918347,5,30570.28290254952
calendar_103,calendar,14,3,3.0168760291212924,0.9907015708787075,5,30667.33306271155
calendar_100,calendar,14,3,2.9889639132897403,1.0186136867102604,5,30448.270198663493
calendar_101,calendar,14,3,3.0722827450322145,0.9352948549677865,5,30823.089950143316
calendar_106,calendar,14,1,2.9922140767404914,1.0153635232595075,5,13476.642230221474
calendar_107,calendar,14,1,2.95290137006127,1.0546762299387298,5,13358.70411018381
calendar_104,calendar,14,1,3.1171587337959727,0.8904188662040273,5,13851.476201387919
calendar_105,calendar,14,1,2.961960581046501,1.0456170189534981,5,13385.881743139504
calendar_106,calendar,14,2,2.9947321303040666,1.0128454696959341,5,21960.838621133676
calendar_107,calendar,14,2,2.9174030539340436,1.0901745460659564,5,21610.91327198594
calendar_104,calendar,14,2,2.8975635782545455,1.1100140217454533,5,22044.166936151556
calendar_105,calendar,14,2,2.9224283355324103,1.0851492644675893,5,21653.166749736734
calendar_106,calendar,14,3,3.0686203191400496,0.9389572808599508,5,30666.699578553824
calendar_107,calendar,14,3,3.0661057288289797,0.94147187117102,5,30309.230458472877
calendar_104,calendar,14,3,2.9329048861496956,1.0746727138503027,5,30342.881594600643
calendar_105,calendar,14,3,3.115003267870969,0.8925743321290308,5,30498.176553349644
calendar_110,calendar,14,1,2.8975230582094262,1.1100545417905732,5,13192.56917462828
calendar_111,calendar,14,1,3.0103985945204856,0.9971790054795144,5,13531.195783561458
calendar_108,calendar,14,1,2.9675014310221433,1.0400761689778575,5,13402.50429306643
calendar_109,calendar,14,1,3.0122571828487508,0.9953204171512486,5,13536.771548546252
calendar_110,calendar,14,2,2.906887479329647,1.1006901206703525,5,21413.23161261722
calendar_111,calendar,14,2,3.0139575046581206,0.9936200953418799,5,22073.06829753582
calendar_108,calendar,14,2,2.9550262829893716,1.0525513170106298,5,21767.583142034542
calendar_109,calendar,14,2,3.1286034081734218,0.8789741918265781,5,22422.581773066515
calendar_110,calendar,14,3,3.083530585396555,0.9240470146034458,5,30163.823368806883
calendar_111,calendar,14,3,3.057399071517164,0.9501785284828348,5,30745.265512087313
calendar_108,calendar,14,3,2.98812439209586,1.0194532079041405,5,30231.95631832212
calendar_109,calendar,14,3,3.126711919626576,0.8808656803734242,5,31302.71753194624
calendar_114,calendar,14,1,2.974004986303461,1.0335726136965397,5,13422.014958910382
calendar_115,calendar,14,1,3.0024681496317345,1.005109450368265,5,13507.404448895204
calendar_112,calendar,14,1,2.9683048372786414,1.0392727627213578,5,13404.914511835925
calendar_113,calendar,14,1,3.058044271644638,0.9495333283553622,5,13674.132814933915
calendar_114,calendar,14,2,2.9148345202137063,1.0927430797862927,5,21666.5185195515
calendar_115,calendar,14,2,3.07217617568219,0.9354014243178108,5,22223.932975941774
calendar_112,calendar,14,2,3.0275713386889764,0.9800062613110229,5,21987.628527902853
calendar_113,calendar,14,2,3.17326046986126,0.8343171301387379,5,22693.914224517695
calendar_114,calendar,14,3,3.1042157670585153,0.9033618329414849,5,30479.165820727045
calendar_115,calendar,14,3,3.018558067305976,0.9890195326940244,5,30779.607177859703
calendar_112,calendar,14,3,3.1084333852388197,0.8991442147611798,5,30812.928683619313
calendar_113,calendar,14,3,3.08979445657364,0.9177831434263604,5,31463.29759423862
calendar_118,calendar,14,1,3.095703737092934,0.9118738629070666,5,13787.111211278803
calendar_119,calendar,14,1,2.880679940709413,1.126897659290586,5,13142.039822128238
calendar_116,calendar,14,1,2.970969129121987,1.036608470878014,5,13412.907387365962
calendar_117,calendar,14,1,2.959477556669064,1.0481000433309366,5,13378.432670007192
calendar_118,calendar,14,2,2.927623333534259,1.0799542664657407,5,22069.981211881583
calendar_119,calendar,14,2,2.9527508160772427,1.054826783922758,5,21500.292270359965
calendar_116,calendar,14,2,3.008759288847042,0.9988183111529583,5,21939.18525390709
calendar_117,calendar,14,2,2.9418414051928607,1.0657361948071387,5,21703.956885585772
calendar_118,calendar,14,3,3.028287358676028,0.9792902413239728,5,30654.843287909665
calendar_119,calendar,14,3,3.030683651240386,0.9768939487596144,5,30092.343224081123
calendar_116,calendar,14,3,3.024840081581879,0.9827375184181213,5,30513.705498652726
calendar_117,calendar,14,3,3.028906218107049,0.9786713818929518,5,30290.67553990692
calendar_122,calendar,21,1,2.6252564191660386,1.3823211808339624,3,12575.769257498116
calendar_123,calendar,21,1,2.707718182386978,1.299859417613023,3,12823.154547160933
calendar_120,calendar,21,1,2.5969343909252265,1.4106432090747751,3,12490.803172775679
calendar_121,calendar,21,1,2.577837243927642,1.4297403560723592,3,12433.511731782924
calendar_122,calendar,21,2,2.601761647254987,1.405815952745014,3,20081.054199263075
calendar_123,calendar,21,2,2.8590220110320956,1.1485555889679036,3,21100.22058025722
calendar_120,calendar,21,2,2.592821316958507,1.414756283041493,3,19969.2671236512
calendar_121,calendar,21,2,2.712298429505754,1.295279170494246,3,20270.407020300187
calendar_122,calendar,21,3,2.564212656770043,1.4433649432299585,3,27473.692169573205
calendar_123,calendar,21,3,2.6049476128043567,1.4026299871956445,3,28615.063418670292
calendar_120,calendar,21,3,2.645269522420758,1.3623080775792429,3,27605.075690913472
calendar_121,calendar,21,3,2.7093277127092312,1.2982498872907686,3,28098.39015842788
calendar_126,calendar,21,1,2.5307037322452035,1.4768738677547983,3,12292.111196735612
calendar_127,calendar,21,1,2.6352332435711805,1.3723443564288207,3,12605.699730713543
calendar_124,calendar,21,1,2.5798570374722796,1.427720562527721,3,12439.571112416837
calendar_125,calendar,21,1,2.6538216922225133,1.3537559077774872,3,12661.46507666754
calendar_126,calendar,21,2,2.685530218321446,1.3220473816785552,3,20048.70185169995
calendar_127,calendar,21,2,2.5731528045193786,1.4344247954806204,3,20025.158144271678
calendar_124,calendar,21,2,2.753313101779359,1.2542644982206423,3,20399.510417754915
calendar_125,calendar,21,2,2.561655002884284,1.4459225971157164,3,20046.430085320393
calendar_126,calendar,21,3,2.6107004217445304,1.3968771782554712,3,27580.80311693354
calendar_127,calendar,21,3,2.679975451753075,1.3276021482469254,3,27765.0844995309
calendar_124,calendar,21,3,2.4749849665385337,1.532592633461468,3,27524.465317370516
calendar_125,calendar,21,3,2.657607533887859,1.3499700661121419,3,27719.25268698397
calendar_130,calendar,21,1,2.631741783806891,1.3758358161931095,3,12595.225351420671
calendar_131,calendar,21,1,2.7399292425989556,1.2676483574010449,3,12919.787727796867
calendar_128,calendar,21,1,2.5778953332411247,1.4296822667588762,3,12433.685999723373
calendar_129,calendar,21,1,2.675974279977534,1.3316033200224673,3,12727.922839932602
calendar_130,calendar,21,2,2.6736110359641434,1.3339665640358565,3,20316.058459313103
calendar_131,calendar,21,2,2.5654705581480473,1.4421070418519546,3,20316.199402241007
calendar_128,calendar,21,2,2.570624353569658,1.436953246430343,3,19845.559060432348
calendar_129,calendar,21,2,2.557251264953651,1.4503263350463507,3,20099.676634793555
calendar_130,calendar,21,3,2.704740517391816,1.3028370826081843,3,28130.28001148855
calendar_131,calendar,21,3,2.6074414111710724,1.4001361888289285,3,27838.523635754224
calendar_128,calendar,21,3,2.6401575442346563,1.3674200557653442,3,27466.031693136316
calendar_129,calendar,21,3,2.7475691205419253,1.2600084794580757,3,28042.383996419332
calendar_134,calendar,21,1,2.58863812082527,1.4189394791747314,3,12465.914362475809
calendar_135,calendar,21,1,2.558114448088524,1.4494631519114771,3,12374.343344265571
calendar_132,calendar,21,1,2.7049992138639967,1.302578386136003,3,12814.99764159199
calendar_133,calendar,21,1,2.52391351629263,1.4836640837073716,3,12271.74054887789
calendar_134,calendar,21,2,2.6836620675071026,1.3239155324928988,3,20216.900564997115
calendar_135,calendar,21,2,2.5602823738480787,1.4472952261519225,3,19755.190465809806
calendar_132,calendar,21,2,2.6615525294878046,1.3460250705121957,3,20499.655230055403
calendar_133,calendar,21,2,2.7699155868967034,1.2376620131032978,3,20281.487309568
calendar_134,calendar,21,3,2.6286068610228743,1.3789707389771266,3,27802.72114806574
calendar_135,calendar,21,3,2.568129507053848,1.4394480929461526,3,27159.57898697135
calendar_132,calendar,21,3,2.614103142814318,1.3934744571856834,3,28041.964658498357
calendar_133,calendar,21,3,2.585272816303828,1.4223047836961735,3,27737.305758479484
calendar_138,calendar,21,1,2.5721137095839244,1.4354638904160777,3,12416.341128751774
calendar_139,calendar,21,1,2.546673772419705,1.4609038275802955,3,12340.021317259114
calendar_136,calendar,21,1,2.535721743817062,1.4718558561829391,3,12307.165231451185
calendar_137,calendar,21,1,2.689216637538657,1.3183609624613442,3,12767.649912615972
calendar_138,calendar,21,2,2.5495278408133673,1.4580497591866348,3,19764.924651191875
calendar_139,calendar,21,2,2.5927729116303966,1.414804688369605,3,19818.340052150303
calendar_136,calendar,21,2,2.621155671387985,1.3864219286120156,3,19870.63224561514
calendar_137,calendar,21,2,2.6830243505656473,1.3245532494343528,3,20516.722964312914
calendar_138,calendar,21,3,2.61181632212123,1.3957612778787707,3,27300.373617555564
calendar_139,calendar,21,3,2.6517300491440894,1.3558475508559116,3,27473.530199582572
calendar_136,calendar,21,3,2.557887899950447,1.4496897000495552,3,27244.29594546648
calendar_137,calendar,21,3,2.632404573050832,1.3751730269491704,3,28113.93668346541
calendar_142,calendar,21,1,2.6642096711189582,1.3433679288810414,3,12692.629013356875
calendar_143,calendar,21,1,2.6165708573427566,1.3910067426572439,3,12549.712572028271
calendar_140,calendar,21,1,2.547895898239159,1.459681701760842,3,12343.687694717477
calendar_141,calendar,21,1,2.770134036740008,1.2374435632599923,3,13010.402110220024
calendar_142,calendar,21,2,2.7662683341994,1.2413092658005993,3,20691.434015955074
calendar_143,calendar,21,2,2.5831205423294565,1.4244570576705449,3,19999.074199016643
calendar_140,calendar,21,2,2.565364606993857,1.4422129930061427,3,19739.781515699047
calendar_141,calendar,21,2,2.725184616673725,1.2823929833262773,3,20885.955960241197
calendar_142,calendar,21,3,2.6232276152587617,1.3843499847412386,3,28261.11686173136
calendar_143,calendar,21,3,2.5700630490861602,1.437514550913841,3,27409.263346275122
calendar_140,calendar,21,3,2.5859912519703045,1.421586348029697,3,27197.75527160996
calendar_141,calendar,21,3,2.6370834433616146,1.3704941566383857,3,28497.20629032604
calendar_146,calendar,21,1,2.7744028409656165,1.2331747590343827,3,13023.20852289685
calendar_147,calendar,21,1,2.6399974497449454,1.367580150255056,3,12619.992349234835
calendar_144,calendar,21,1,2.6431157584332943,1.3644618415667071,3,12629.347275299882
calendar_145,calendar,21,1,2.518185825723053,1.489391774276949,3,12254.557477169159
calendar_146,calendar,21,2,2.6744395374515246,1.333138062548475,3,20746.527135251425
calendar_147,calendar,21,2,2.5523282492960853,1.4552493507039168,3,19976.97709712309
calendar_144,calendar,21,2,2.64576908037561,1.3618085196243912,3,20266.65451642671
calendar_145,calendar,21,2,2.6167452401183757,1.3908323598816257,3,19804.793197524286
calendar_146,calendar,21,3,2.642820645622025,1.3647569543779765,3,28374.9890721175
calendar_147,calendar,21,3,2.672743477028672,1.3348341229713285,3,27695.207528209106
calendar_144,calendar,21,3,2.594964941502547,1.4126126584974537,3,27751.549340934354
calendar_145,calendar,21,3,2.6482584141915657,1.359319185808435,3,27449.568440098985
calendar_150,calendar,21,1,2.5211430691655092,1.4864345308344915,3,12263.429207496527
calendar_151,calendar,21,1,2.600726532481305,1.4068510675186954,3,12502.179597443916
calendar_148,calendar,21,1,2.6972748672018505,1.3103027327981496,3,12791.824601605553
calendar_149,calendar,21,1,2.7274910696818275,1.280086530318173,3,12882.473209045482
calendar_150,calendar,21,2,2.880231616633161,1.12734598336684,3,20604.12405739601
calendar_151,calendar,21,2,2.597323925552881,1.4102536744471197,3,19994.15137410256
calendar_148,calendar,21,2,2.637695687137258,1.369881912862743,3,20404.911663017327
calendar_149,calendar,21,2,2.787247699637399,1.2203299003626018,3,20944.21630795768
calendar_150,calendar,21,3,2.5858907693001294,1.421686830699872,3,28061.796365296395
calendar_151,calendar,21,3,2.6423306333762513,1.3652469666237483,3,27621.14327423131
calendar_148,calendar,21,3,2.6178544853292496,1.3897231146707514,3,27958.475119005074
calendar_149,calendar,21,3,2.6513977135762463,1.356179886423755,3,28598.40944868642
calendar_154,calendar,21,1,2.699226858454517,1.3083507415454845,3,12797.680575363553
calendar_155,calendar,21,1,2.594650078199651,1.4129275218003494,3,12483.950234598953
calendar_152,calendar,21,1,2.558103391277681,1.4494742087223202,3,12374.310173833042
calendar_153,calendar,21,1,2.6179405320339364,1.3896370679660637,3,12553.82159610181
calendar_154,calendar,21,2,2.659551504847608,1.3480260951523932,3,20476.335089906377
calendar_155,calendar,21,2,2.615632403818582,1.3919451961814198,3,20030.8474460547
calendar_152,calendar,21,2,2.6416022787420816,1.365975321257919,3,19999.117010059286
calendar_153,calendar,21,2,2.6185263114631225,1.3890512885368784,3,20109.400530491177
calendar_154,calendar,21,3,2.5724790072328982,1.4350985927671018,3,27893.77211160507
calendar_155,calendar,21,3,2.7566481499451583,1.2509294500548422,3,28000.791895890176
calendar_152,calendar,21,3,2.5866580856757695,1.4209195143242312,3,27459.091267086595
calendar_153,calendar,21,3,2.6685267349797086,1.339050865020292,3,27814.980735430305
calendar_158,calendar,21,1,2.5814437829473516,1.4261338170526494,3,12444.331348842054
calendar_159,calendar,21,1,2.558207588217149,1.4493700117828525,3,12374.622764651447
calendar_156,calendar,21,1,2.65763406487883,1.349943535121171,3,12672.90219463649
calendar_157,calendar,21,1,2.8311859496787095,1.1763916503212914,3,13193.557849036128
calendar_158,calendar,21,2,2.6539254669138574,1.3536521330861442,3,20106.107749583625
calendar_159,calendar,21,2,2.5954150830497382,1.412162516950263,3,19860.86801380066
calendar_156,calendar,21,2,2.5882516227035914,1.4193259772964089,3,20137.657062747265
calendar_157,calendar,21,2,2.5029442690153187,1.5046333309846827,3,20402.390656082083
calendar_158,calendar,21,3,2.7620311783764375,1.245546421623562,3,28092.201284712937
calendar_159,calendar,21,3,2.6102334797687807,1.3973441202312202,3,27391.568453107004
calendar_156,calendar,21,3,2.6622196938146248,1.3453579061853764,3,27824.31614419114
calendar_157,calendar,21,3,2.502659712126976,1.5049178878730252,3,27610.36979246301
calendar_162,calendar,28,1,2.5243778713835296,1.4831997286164713,2,12373.133614150589
calendar_163,calendar,28,1,2.4834440101239545,1.5241335898760466,2,12250.332030371865
calendar_160,calendar,28,1,2.5268895171331804,1.4806880828668205,2,12380.668551399542
calendar_161,calendar,28,1,2.4815395354221197,1.5260380645778806,2,12244.618606266358
calendar_162,calendar,28,2,2.488646044016864,1.518931555983137,2,19639.07174620118
calendar_163,calendar,28,2,2.425073761118268,1.582503838881733,2,19325.55331372667
calendar_160,calendar,28,2,2.4781915052679797,1.5293860947320204,2,19615.243067203482
calendar_161,calendar,28,2,2.454486328487986,1.5530912715120146,2,19408.077591730318
calendar_162,calendar,28,3,2.4547914111031086,1.5527861888968921,2,26803.445979510507
calendar_163,calendar,28,3,2.53758122648068,1.469996373519321,2,26738.296993168708
calendar_160,calendar,28,3,2.4746130540738513,1.5329645459261494,2,26839.082229425036
calendar_161,calendar,28,3,2.533509490607028,1.474068109392972,2,26808.6060635514
calendar_166,calendar,28,1,2.5526748515652113,1.4549027484347898,2,12458.024554695634
calendar_167,calendar,28,1,2.605331207140302,1.4022463928596987,2,12615.993621420905
calendar_164,calendar,28,1,2.4761073117533243,1.5314702882466764,2,12228.321935259974
calendar_165,calendar,28,1,2.4441245484430882,1.5634530515569132,2,12132.373645329266
calendar_166,calendar,28,2,2.5175599869887333,1.490017613011268,2,19810.704515661833
calendar_167,calendar,28,2,2.467145562893151,1.5404320371068503,2,19817.430310100357
calendar_164,calendar,28,2,2.4144974232254484,1.5930801767745524,2,19271.81420493632
calendar_165,calendar,28,2,2.5283890929862833,1.4791885070137176,2,19517.540924288114
calendar_166,calendar,28,3,2.4139411229099244,1.5936364770900764,2,26852.527884391606
calendar_167,calendar,28,3,2.533326943017645,1.4742506569823552,2,27217.411139153293
calendar_164,calendar,28,3,2.4786450940649436,1.5289325059350578,2,26507.74948713115
calendar_165,calendar,28,3,2.4328263345858945,1.5747512654141063,2,26616.019928045796
calendar_170,calendar,28,1,2.456832880058236,1.5507447199417648,2,12170.498640174708
calendar_171,calendar,28,1,2.380449453221046,1.6271281467789545,2,11941.348359663138
calendar_168,calendar,28,1,2.4475459209432606,1.5600316790567397,2,12142.637762829781
calendar_169,calendar,28,1,2.453046805870983,1.5545307941290176,2,12159.140417612949
calendar_170,calendar,28,2,2.4780981729641227,1.5294794270358782,2,19404.793159067078
calendar_171,calendar,28,2,2.4677998300024493,1.5397777699975514,2,19144.747849670486
calendar_168,calendar,28,2,2.431823078575529,1.5757545214244717,2,19238.106998556366
calendar_169,calendar,28,2,2.461877517462522,1.5457000825374783,2,19344.772970000515
calendar_170,calendar,28,3,2.4672796627916433,1.5402979372083574,2,26606.632147442007
calendar_171,calendar,28,3,2.42243085319239,1.5851467468076113,2,26212.040409247656
calendar_168,calendar,28,3,2.4416841618559486,1.5658934381440526,2,26363.15948412421
calendar_169,calendar,28,3,2.5443961300256537,1.463181469974347,2,26777.961360077476
calendar_174,calendar,28,1,2.4031402747745396,1.6044373252254613,2,12009.420824323619
calendar_175,calendar,28,1,2.4699994067993876,1.5375781932006132,2,12209.998220398164
calendar_172,calendar,28,1,2.421185655689758,1.5863919443102439,2,12063.556967069275
calendar_173,calendar,28,1,2.4292757445429625,1.5783018554570385,2,12087.827233628886
calendar_174,calendar,28,2,2.473951839827376,1.5336257601726249,2,19231.27634380575
calendar_175,calendar,28,2,2.4359201817246223,1.5716574182753786,2,19317.75876557203
calendar_172,calendar,28,2,2.5397747198297855,1.4678028801702154,2,19482.881126558634
calendar_173,calendar,28,2,2.425060563155911,1.582517036844089,2,19163.00892309662
calendar_174,calendar,28,3,2.4228753314092266,1.5847022685907743,2,26299.90233803343
calendar_175,calendar,28,3,2.584939969418636,1.4226376305813642,2,26872.57867382794
calendar_172,calendar,28,3,2.447006418815614,1.560571181184387,2,26623.900383005475
calendar_173,calendar,28,3,2.49142584619876,1.5161517538012406,2,26437.2864616929
calendar_178,calendar,28,1,2.47293888095311,1.5346387190468906,2,12218.81664285933
calendar_179,calendar,28,1,2.452138304640419,1.5554392953595817,2,12156.414913921257
calendar_176,calendar,28,1,2.5165950175102627,1.4909825824897374,2,12349.785052530788
calendar_177,calendar,28,1,2.441487637825122,1.5660899621748792,2,12124.462913475367
calendar_178,calendar,28,2,2.4565695070300766,1.5510080929699246,2,19388.525163949562
calendar_179,calendar,28,2,2.480229362181086,1.5273482378189152,2,19397.103000464514
calendar_176,calendar,28,2,2.417470823134831,1.5901067768651698,2,19402.197521935283
calendar_177,calendar,28,2,2.3868694560623323,1.6207081439376685,2,19085.071281662364
calendar_178,calendar,28,3,2.382288558422639,1.6252890415773613,2,26335.390839217478
calendar_179,calendar,28,3,2.47125119596216,1.5363264040378415,2,26610.856588350995
calendar_176,calendar,28,3,2.4101107645548874,1.5974668354451138,2,26432.529815599944
calendar_177,calendar,28,3,2.453437773635741,1.5541398263642598,2,26245.384602569586
calendar_182,calendar,28,1,2.4779433865987226,1.5296342134012781,2,12233.830159796169
calendar_183,calendar,28,1,2.535617038601372,1.4719605613986286,2,12406.851115804116
calendar_180,calendar,28,1,2.3807686926053795,1.6268089073946206,2,11942.306077816138
calendar_181,calendar,28,1,2.467931104822394,1.539646495177607,2,12203.79331446718
calendar_182,calendar,28,2,2.4879907506357215,1.5195868493642795,2,19497.802411703335
calendar_183,calendar,28,2,2.462321280901434,1.5452563190985664,2,19593.814958508417
calendar_180,calendar,28,2,2.4772268565290667,1.530350743470934,2,19173.986647403337
calendar_181,calendar,28,2,2.449441486353572,1.5581361136464293,2,19352.117773527898
calendar_182,calendar,28,3,2.443778431671749,1.5637991683282517,2,26629.137706718582
calendar_183,calendar,28,3,2.5492177683159705,1.4583598316840303,2,27041.46826345633
calendar_180,calendar,28,3,2.567265860636141,1.4403117393638596,2,26675.78422931176
calendar_181,calendar,28,3,2.4328695929219535,1.5747080070780473,2,26450.72655229376
calendar_186,calendar,28,1,2.499765236754452,1.5078123632455487,2,12299.295710263355
calendar_187,calendar,28,1,2.4428829206272584,1.5646946793727423,2,12128.648761881775
calendar_184,calendar,28,1,2.4812696581413443,1.526307941858657,2,12243.808974424031
calendar_185,calendar,28,1,2.5604298965633716,1.4471477034366291,2,12481.289689690115
calendar_186,calendar,28,2,2.477357356425581,1.5302202435744199,2,19531.367779540098
calendar_187,calendar,28,2,2.5306552964506768,1.4769223035493237,2,19520.614651233805
calendar_184,calendar,28,2,2.4266304844721542,1.5809471155278465,2,19323.700427840493
calendar_185,calendar,28,2,2.489520120906429,1.5180574790935715,2,19749.8500524094
calendar_186,calendar,28,3,2.4472914060161326,1.560286193983868,2,26673.241997588495
calendar_187,calendar,28,3,2.53305739287243,1.4745202071275707,2,26919.786829851095
calendar_184,calendar,28,3,2.4288804003193043,1.5786971996806958,2,26410.341628798407
calendar_185,calendar,28,3,2.4553223719361954,1.552255228063805,2,26915.81716821799
calendar_190,calendar,28,1,2.455286278369619,1.5522913216303815,2,12165.858835108858
calendar_191,calendar,28,1,2.498507627778683,1.509069972221318,2,12295.522883336049
calendar_188,calendar,28,1,2.5106301382291893,1.4969474617708107,2,12331.890414687568
calendar_189,calendar,28,1,2.4743206068124137,1.5332569931875868,2,12222.961820437242
calendar_190,calendar,28,2,2.5583138069962064,1.4492637930037944,2,19640.80025609748
calendar_191,calendar,28,2,2.505608583171957,1.5019690168280448,2,19612.34863285192
calendar_188,calendar,28,2,2.412577496963221,1.5950001030367795,2,19369.62290557723
calendar_189,calendar,28,2,2.4873778161951585,1.5201997838048424,2,19485.095269022717
calendar_190,calendar,28,3,2.457267031223015,1.5503105687769856,2,26812.601349766523
calendar_191,calendar,28,3,2.4720439984645504,1.5355336015354504,2,26828.480628245572
calendar_188,calendar,28,3,2.440914614407163,1.5666629855928376,2,26492.36674879872
calendar_189,calendar,28,3,2.4403439161661984,1.5672336838338026,2,26606.127017521314
calendar_194,calendar,28,1,2.451797632896149,1.5557799671038521,2,12155.392898688446
calendar_195,calendar,28,1,2.4385894213042327,1.5689881786957673,2,12115.768263912698
calendar_192,calendar,28,1,2.5296976998091494,1.4778799001908514,2,12389.09309942745
calendar_193,calendar,28,1,2.43267105133186,1.5749065486681408,2,12098.01315399558
calendar_194,calendar,28,2,2.3951634425216652,1.612414157478336,2,19140.88322625344
calendar_195,calendar,28,2,2.571351699158621,1.4362259008413794,2,19629.82336138856
calendar_192,calendar,28,2,2.42868329571911,1.578894304280891,2,19475.14298658478
calendar_193,calendar,28,2,2.486980972172148,1.520596627827853,2,19358.956070512024
calendar_194,calendar,28,3,2.4108955952088875,1.5966820047911134,2,26173.570011880103
calendar_195,calendar,28,3,2.4947888565386562,1.5127887434613445,2,26914.18993100453
calendar_192,calendar,28,3,2.437623571989248,1.5699540280107536,2,26588.013702552522
calendar_193,calendar,28,3,2.4777956661790554,1.5297819338209453,2,26592.34306904919
calendar_198,calendar,28,1,2.506157742522806,1.5014198574771949,2,12318.473227568418
calendar_199,calendar,28,1,2.46017168070525,1.5474059192947507,2,12180.515042115749
calendar_196,calendar,28,1,2.4837065071260365,1.5238710928739643,2,12251.11952137811
calendar_197,calendar,28,1,2.515730933010062,1.4918466669899388,2,12347.192799030187
calendar_198,calendar,28,2,2.44063777773998,1.5669398222600208,2,19440.38656078836
calendar_199,calendar,28,2,2.481278872521154,1.5262987274788467,2,19424.35165967921
calendar_196,calendar,28,2,2.4680695941434663,1.539508005856535,2,19455.32830380851
calendar_197,calendar,28,2,2.426406515538597,1.5811710844614033,2,19426.41234564598
calendar_198,calendar,28,3,2.4271248966133885,1.5804527033866123,2,26521.761250628526
calendar_199,calendar,28,3,2.5006277800121106,1.5069498199878906,2,26726.234999715543
calendar_196,calendar,28,3,2.5043368877523737,1.5032407122476266,2,26768.338967065632
calendar_197,calendar,28,3,2.513499786306445,1.4940778136935553,2,26766.911704565315
