run_id,strategy,pesticide_threshold,season,grain_tha,pest_loss_tha,spray_count,end_money
threshold_1,threshold,0.1,1,3.55225217251691,0.4553254274830906,10,14656.75651755073
threshold_0,threshold,0.1,1,3.535587522822013,0.4719900771779907,10,14606.762568466038
threshold_3,threshold,0.1,1,3.5717416892470557,0.4358359107529453,10,14715.225067741167
threshold_2,threshold,0.1,1,3.5680272887464275,0.439550311253573,10,14704.081866239283
threshold_1,threshold,0.1,2,3.5375909244098205,0.46998667559018,10,24269.529290780192
threshold_0,threshold,0.1,2,3.532967866335766,0.47460973366423376,10,24205.666167473333
threshold_3,threshold,0.1,2,3.5518496699373374,0.45572793006266366,10,24370.77407755318
threshold_2,threshold,0.1,2,3.513415116017776,0.4941624839822239,10,24244.32721429261
threshold_1,threshold,0.1,3,3.588426100179205,0.4191514998207957,10,34034.8075913178
threshold_0,threshold,0.1,3,3.456360460038805,0.5512171399611948,10,33574.74754758975
threshold_3,threshold,0.1,3,3.48910842587398,0.5184691741260213,10,33838.099355175116
threshold_2,threshold,0.1,3,3.5510500355222976,0.45652756447770265,10,33897.4773208595
threshold_5,threshold,0.1,1,3.4807778572627313,0.5267997427372688,10,14442.333571788195
threshold_4,threshold,0.1,1,3.495143598427361,0.5124340015726384,10,14485.430795282084
threshold_7,threshold,0.1,1,3.563228601544371,0.44434899845562925,10,14689.685804633113
threshold_6,threshold,0.1,1,3.5313516977167416,0.4762259022832588,10,14594.055093150226
threshold_5,threshold,0.1,2,3.521273115752695,0.48630448424730455,10,24006.15291904628
threshold_4,threshold,0.1,2,3.4696485805359356,0.5379290194640646,10,23894.37653688989
threshold_7,threshold,0.1,2,3.482256361626168,0.5253212383738329,10,24136.454889511617
threshold_6,threshold,0.1,2,3.495235232722718,0.5123423672772823,10,24079.760791318382
threshold_5,threshold,0.1,3,3.552226540618559,0.45535105938144066,10,33662.83254090196
threshold_4,threshold,0.1,3,3.562528637475698,0.4450489625243025,10,33581.96244931698
threshold_7,threshold,0.1,3,3.5224810361650776,0.48509656383492256,10,33703.89799800685
threshold_6,threshold,0.1,3,3.5437083842456185,0.4638692157543812,10,33710.88594405523
threshold_9,threshold,0.1,1,3.4579271524974535,0.5496504475025465,10,14373.781457492361
threshold_8,threshold,0.1,1,3.5525437397655595,0.4550338602344427,10,14657.631219296678
threshold_11,threshold,0.1,1,3.507794656629145,0.49978294337085566,10,14523.383969887434
threshold_10,threshold,0.1,1,3.483481773137948,0.5240958268620526,10,14450.445319413844
threshold_9,threshold,0.1,2,3.536496505372993,0.47108109462700726,10,23983.27097361134
threshold_8,threshold,0.1,2,3.5502125475637554,0.45736505243624487,10,24308.268861987945
threshold_11,threshold,0.1,2,3.4859304830421487,0.5216471169578523,10,23981.17541901388
threshold_10,threshold,0.1,2,3.4808243203690497,0.52675327963095,10,23892.918280520993
threshold_9,threshold,0.1,3,3.542032269116313,0.4655453308836899,10,33609.36778096028
threshold_8,threshold,0.1,3,3.502723795548242,0.504853804451758,10,33816.44024863267
threshold_11,threshold,0.1,3,3.570233972002427,0.4373436279975719,10,33691.87733502116
threshold_10,threshold,0.1,3,3.512480728145769,0.49509687185423096,10,33430.3604649583
threshold_13,threshold,0.1,1,3.524898409562792,0.4826791904372083,10,14574.695228688375
threshold_12,threshold,0.1,1,3.5148985403299666,0.4926790596700324,10,14544.6956209899
threshold_15,threshold,0.1,1,3.500713002199763,0.5068645978002386,10,14502.13900659929
threshold_14,threshold,0.1,1,3.5049923529676015,0.5025852470323978,10,14514.977058902805
threshold_13,threshold,0.1,2,3.530779103226466,0.47679849677353503,10,24167.032538367774
threshold_12,threshold,0.1,2,3.5351223070321476,0.4724552929678547,10,24150.062542086343
threshold_15,threshold,0.1,2,3.482142992691853,0.5254346073081476,10,23948.567984674846
threshold_14,threshold,0.1,2,3.4591154103041295,0.5484621896958719,10,23892.32328981519
threshold_13,threshold,0.1,3,3.5331899141581036,0.47438768584189717,10,33766.60228084208
threshold_12,threshold,0.1,3,3.5684644073239005,0.4391131926760987,10,33855.455764058046
threshold_15,threshold,0.1,3,3.5384298961318392,0.469147703868159,10,33563.857673070364
threshold_14,threshold,0.1,3,3.5289891236477247,0.47858847635227264,10,33479.290660758365
threshold_17,threshold,0.1,1,3.575534043122047,0.43204355687795437,10,14726.602129366142
threshold_16,threshold,0.1,1,3.558067491027432,0.4495101089725687,10,14674.202473082296
threshold_19,threshold,0.1,1,3.4868108139672636,0.5207667860327374,10,14460.43244190179
threshold_18,threshold,0.1,1,3.5426131535601755,0.4649644464398269,10,14627.839460680527
threshold_17,threshold,0.1,2,3.546123421529783,0.4614541784702154,10,24364.97239395549
threshold_16,threshold,0.1,2,3.56927323671718,0.43830436328281863,10,24382.022183233836
threshold_19,threshold,0.1,2,3.4806285935061214,0.5269490064938782,10,23902.318222420152
threshold_18,threshold,0.1,2,3.5181569549940015,0.48942064500599897,10,24182.310325662533
threshold_17,threshold,0.1,3,3.5201504254230445,0.48742717457695556,10,33925.42367022463
threshold_16,threshold,0.1,3,3.466061773350268,0.5415158266497339,10,33780.20750328464
threshold_19,threshold,0.1,3,3.461977306399948,0.5456002936000522,10,33288.250141619996
threshold_18,threshold,0.1,3,3.5486111322606435,0.45896646773935473,10,33828.14372244447
threshold_21,threshold,0.1,1,3.4997402583449726,0.5078373416550277,10,14499.220775034917
threshold_20,threshold,0.1,1,3.5832548145007888,0.4243227854992101,10,14749.764443502367
threshold_23,threshold,0.1,1,3.4840258372444963,0.5235517627555033,10,14452.077511733489
threshold_22,threshold,0.1,1,3.5015005582986953,0.5060770417013053,10,14504.501674896086
threshold_21,threshold,0.1,2,3.5595094313803854,0.44806816861961357,10,24177.749069176076
threshold_20,threshold,0.1,2,3.532010530528627,0.4755670694713742,10,24345.79603508825
threshold_23,threshold,0.1,2,3.4633092690681275,0.5442683309318723,10,23842.00531893787
threshold_22,threshold,0.1,2,3.5138628530262963,0.4937147469737043,10,24046.090233974974
threshold_21,threshold,0.1,3,3.501138192152948,0.5064394078470515,10,33681.16364563492
threshold_20,threshold,0.1,3,3.578361181871333,0.4292164181286674,10,34080.87958070225
threshold_23,threshold,0.1,3,3.537551120717403,0.47002647928259683,10,33454.65868109008
threshold_22,threshold,0.1,3,3.5081851682658116,0.49939243173418923,10,33570.64573877241
threshold_25,threshold,0.1,1,3.547424463092702,0.4601531369072969,10,14642.273389278105
threshold_24,threshold,0.1,1,3.524377978800056,0.48319962119994453,10,14573.133936400169
threshold_27,threshold,0.1,1,3.481524689904386,0.5260529100956134,10,14444.574069713157
threshold_26,threshold,0.1,1,3.512952791905093,0.4946248080949067,10,14538.85837571528
threshold_25,threshold,0.1,2,3.5772961244119945,0.4302814755880054,10,24374.161762514086
threshold_24,threshold,0.1,2,3.5486057921264478,0.45897180787355174,10,24218.951312779514
threshold_27,threshold,0.1,2,3.514330250210422,0.493247349789579,10,23987.56482034442
threshold_26,threshold,0.1,2,3.6194043057462895,0.3881732942537102,10,24397.071292954148
threshold_25,threshold,0.1,3,3.4970515865236833,0.5105260134763173,10,33865.31652208514
threshold_24,threshold,0.1,3,3.495401925676386,0.5121756743236119,10,33705.15708980867
threshold_27,threshold,0.1,3,3.545254318410186,0.46232328158981456,10,33623.32777557498
threshold_26,threshold,0.1,3,3.4964188218467487,0.5111587781532516,10,33886.32775849439
threshold_29,threshold,0.1,1,3.4789062956900487,0.5286713043099512,10,14436.718887070147
threshold_28,threshold,0.1,1,3.486359489680838,0.5212181103191635,10,14459.078469042513
threshold_31,threshold,0.1,1,3.4533727438762605,0.5542048561237397,10,14360.118231628781
threshold_30,threshold,0.1,1,3.487750340035343,0.5198272599646563,10,14463.251020106029
threshold_29,threshold,0.1,2,3.5199113951756056,0.487666204824395,10,23996.453072596963
threshold_28,threshold,0.1,2,3.5422190705115355,0.4653585294884646,10,24085.73568057712
threshold_31,threshold,0.1,2,3.481392010269337,0.5261855897306641,10,23804.294262436793
threshold_30,threshold,0.1,2,3.5323544135486706,0.47522318645132927,10,24060.314260752042
threshold_29,threshold,0.1,3,3.5143408340760733,0.4932367659239268,10,33539.475574825185
threshold_28,threshold,0.1,3,3.546910239993137,0.4606673600068629,10,33726.46640055653
threshold_31,threshold,0.1,3,3.5012971254880374,0.5062804745119636,10,33308.185638900904
threshold_30,threshold,0.1,3,3.5505470351342767,0.45703056486572374,10,33711.95536615487
threshold_33,threshold,0.1,1,3.5312712083143136,0.476306391685687,10,14593.81362494294
threshold_32,threshold,0.1,1,3.472946200950314,0.5346313990496857,10,14418.838602850941
threshold_35,threshold,0.1,1,3.517538046207783,0.49003955379221864,10,14552.614138623348
threshold_34,threshold,0.1,1,3.5229365205711587,0.48464107942884194,10,14568.809561713477
threshold_33,threshold,0.1,2,3.534656411763138,0.4729211882368613,10,24197.782860232353
threshold_32,threshold,0.1,2,3.545312531418343,0.4622650685816568,10,24054.77619710597
threshold_35,threshold,0.1,2,3.5243158465349382,0.48326175346506306,10,24125.561678228165
threshold_34,threshold,0.1,2,3.5477750718216137,0.45980252817838557,10,24212.13477717832
threshold_33,threshold,0.1,3,3.5122586476040034,0.4953189523959956,10,33734.55880304436
threshold_32,threshold,0.1,3,3.5081643226500723,0.4994132773499276,10,33579.26916505619
threshold_35,threshold,0.1,3,3.5391960910022653,0.46838150899773456,10,33743.14995123496
threshold_34,threshold,0.1,3,3.5196879761112423,0.48788962388875723,10,33771.19870551205
threshold_37,threshold,0.1,1,3.5541226686778953,0.45345493132210507,10,14662.368006033686
threshold_36,threshold,0.1,1,3.492539427486359,0.5150381725136416,10,14477.618282459078
threshold_39,threshold,0.1,1,3.4954767861864484,0.5121008138135524,10,14486.430358559346
threshold_38,threshold,0.1,1,3.506083635716576,0.501493964283424,10,14518.250907149728
threshold_37,threshold,0.1,2,3.485941630772566,0.5216359692274337,10,24120.192898351386
threshold_36,threshold,0.1,2,3.5428882295937547,0.4646893704062463,10,24106.28297124034
threshold_39,threshold,0.1,2,3.4893034138145125,0.5182741861854877,10,23954.340600002884
threshold_38,threshold,0.1,2,3.5230621608087906,0.4845154391912086,10,24087.437389576102
threshold_37,threshold,0.1,3,3.493209302179431,0.5143682978205693,10,33599.82080488968
threshold_36,threshold,0.1,3,3.524782176139638,0.4827954238603624,10,33680.629499659255
threshold_39,threshold,0.1,3,3.5414112577838006,0.46616634221619857,10,33578.574373354284
threshold_38,threshold,0.1,3,3.487734567425501,0.5198430325744995,10,33550.64109185261
threshold_41,threshold,0.2,1,3.448201153047055,0.559376446952946,10,14344.603459141164
threshold_40,threshold,0.2,1,3.5503645271923023,0.45721307280769713,9,14751.093581576906
threshold_43,threshold,0.2,1,3.4875762587791628,0.520001341220837,10,14462.728776337488
threshold_42,threshold,0.2,1,3.513057068383488,0.4945205316165115,10,14539.171205150464
threshold_41,threshold,0.2,2,3.4984580309782247,0.5091195690217769,10,23839.97755207584
threshold_40,threshold,0.2,2,3.4811419077916113,0.5264356922083906,10,24194.51930495174
threshold_43,threshold,0.2,2,3.521906125671054,0.48567147432894653,10,24028.44715335065
threshold_42,threshold,0.2,2,3.513416216878996,0.4941613831210035,10,24079.41985578745
threshold_41,threshold,0.2,3,3.501618435531609,0.5059591644683903,10,33344.83285867067
threshold_40,threshold,0.2,3,3.474383067992795,0.5331945320072056,10,33617.668508930125
threshold_43,threshold,0.2,3,3.4660398693627434,0.5415377306372565,10,33426.56676143888
threshold_42,threshold,0.2,3,3.5370321671365055,0.4705454328634939,9,33790.51635719697
threshold_45,threshold,0.2,1,3.546718959098907,0.4608586409010932,9,14740.156877296722
threshold_44,threshold,0.2,1,3.4989484383414124,0.508629161658587,10,14496.845315024237
threshold_47,threshold,0.2,1,3.512703031816473,0.4948745681835262,9,14638.10909544942
threshold_46,threshold,0.2,1,3.4715395065464896,0.5360380934535102,10,14414.618519639469
threshold_45,threshold,0.2,2,3.529366982651646,0.4782106173483549,10,24328.25782525166
threshold_44,threshold,0.2,2,3.5165059319556593,0.49107166804434005,10,24046.363110891216
threshold_47,threshold,0.2,2,3.498368199121296,0.5092094008787047,10,24133.213692813308
threshold_46,threshold,0.2,2,3.5380325890283655,0.46954501097163426,10,24028.716286724564
threshold_45,threshold,0.2,3,3.519959977112319,0.48761762288768096,9,33988.13775658862
threshold_44,threshold,0.2,3,3.484966172216313,0.5226114277836881,10,33501.26162754015
threshold_47,threshold,0.2,3,3.5200329083525426,0.4875446916474595,10,33693.31241787093
threshold_46,threshold,0.2,3,3.5190820461824464,0.4884955538175524,10,33585.96242527191
threshold_49,threshold,0.2,1,3.4508976961886857,0.5566799038113132,10,14352.693088566057
threshold_48,threshold,0.2,1,3.5006607656031736,0.5069168343968277,10,14501.982296809521
threshold_51,threshold,0.2,1,3.5106564455130416,0.4969211544869572,10,14531.969336539125
threshold_50,threshold,0.2,1,3.5106970005027067,0.49688059949729385,10,14532.09100150812
threshold_49,threshold,0.2,2,3.4452798102510287,0.5622977897489724,10,23688.532519319142
threshold_48,threshold,0.2,2,3.484495543980527,0.5230820560194737,10,23955.468928751103
threshold_51,threshold,0.2,2,3.5286795115110317,0.4788980884889671,10,24118.00787107222
threshold_50,threshold,0.2,2,3.5104919791494305,0.4970856208505682,10,24063.566938956414
threshold_49,threshold,0.2,3,3.530245764378557,0.47733183562144105,9,33379.26981245481
threshold_48,threshold,0.2,3,3.4890474341684166,0.5185301658315848,10,33422.61123125635
threshold_51,threshold,0.2,3,3.4211635011911596,0.586414098808841,10,33381.4983746457
threshold_50,threshold,0.2,3,3.5436685250926714,0.4639090749073288,10,33694.57251423443
threshold_53,threshold,0.2,1,3.439814906952892,0.5677626930471077,10,14319.444720858675
threshold_52,threshold,0.2,1,3.4330968815973355,0.5744807184026641,10,14299.290644792007
threshold_55,threshold,0.2,1,3.4731043672017274,0.5344732327982723,10,14419.313101605183
threshold_54,threshold,0.2,1,3.460370319465003,0.5472072805349951,10,14381.11095839501
threshold_53,threshold,0.2,2,3.465472325164297,0.5421052748357029,10,23715.861696351567
threshold_52,threshold,0.2,2,3.436377602894723,0.5711999971052777,10,23608.423453476174
threshold_55,threshold,0.2,2,3.564527591538072,0.4430500084619295,9,24212.895876219398
threshold_54,threshold,0.2,2,3.4883641107369563,0.5192134892630459,10,23846.203290605878
threshold_53,threshold,0.2,3,3.484926146608797,0.5226514533912042,10,33170.64013617796
threshold_52,threshold,0.2,3,3.501274617053585,0.5063029829464136,9,33212.24730463693
threshold_55,threshold,0.2,3,3.5016195084848274,0.5059580915151729,10,33717.75440167388
threshold_54,threshold,0.2,3,3.526441871283324,0.4811357287166772,10,33425.528904455845
threshold_57,threshold,0.2,1,3.5178404996626518,0.489737100337349,9,14653.521498987955
threshold_56,threshold,0.2,1,3.5139677240122866,0.49360987598771494,10,14541.90317203686
threshold_59,threshold,0.2,1,3.5292414154361773,0.4783361845638226,10,14587.724246308531
threshold_58,threshold,0.2,1,3.5008060529214795,0.5067715470785218,10,14502.418158764438
threshold_57,threshold,0.2,2,3.5213551697667174,0.48622243023328254,10,24217.58700828811
threshold_56,threshold,0.2,2,3.4885581657132816,0.5190194342867188,10,24007.577669176702
threshold_59,threshold,0.2,2,3.4612709763164453,0.5463066236835553,10,23971.537175257865
threshold_58,threshold,0.2,2,3.4656003634652075,0.5419772365347928,10,23899.219249160058
threshold_57,threshold,0.2,3,3.5447805654649334,0.4627970345350657,9,33951.92870468291
threshold_56,threshold,0.2,3,3.449321572055244,0.5582560279447567,10,33355.542385342436
threshold_59,threshold,0.2,3,3.499729985473903,0.5078476145260972,10,33470.727131679574
threshold_58,threshold,0.2,3,3.4761694802338754,0.5314081197661249,10,33327.727689861684
threshold_61,threshold,0.2,1,3.5327108520126616,0.4748667479873382,10,14598.132556037985
threshold_60,threshold,0.2,1,3.464489579081528,0.5430880209184724,10,14393.468737244584
threshold_63,threshold,0.2,1,3.533608595102355,0.47396900489764476,10,14600.825785307065
threshold_62,threshold,0.2,1,3.5409326209543757,0.4666449790456237,9,14722.797862863126
threshold_61,threshold,0.2,2,3.529374976917108,0.47820262308289346,10,24186.25748678931
threshold_60,threshold,0.2,2,3.4972758031036015,0.510301796896398,10,23885.29614655539
threshold_63,threshold,0.2,2,3.472685656982778,0.5348919430172214,10,24018.8827562554
threshold_62,threshold,0.2,2,3.4976048321325095,0.5099727678674896,10,24215.612359260653
threshold_61,threshold,0.2,3,3.4887833260517835,0.5187942739482153,10,33652.60746494466
threshold_60,threshold,0.2,3,3.46062532588469,0.5469522741153091,10,33267.17212420946
threshold_63,threshold,0.2,3,3.5068708298602576,0.5007067701397429,10,33539.49524583617
threshold_62,threshold,0.2,3,3.485156454342796,0.5224211456572045,10,33671.08172228904
threshold_65,threshold,0.2,1,3.502455081159772,0.5051225188402299,10,14507.365243479317
threshold_64,threshold,0.2,1,3.524225883549381,0.48335171645061814,9,14672.677650648144
threshold_67,threshold,0.2,1,3.4901308091263887,0.5174467908736121,10,14470.392427379165
threshold_66,threshold,0.2,1,3.522125933046263,0.485451666953737,10,14566.377799138789
threshold_65,threshold,0.2,2,3.507752850033562,0.4998247499664386,9,24130.62379358
threshold_64,threshold,0.2,2,3.4629114428829766,0.5446661571170246,10,24061.411979297074
threshold_67,threshold,0.2,2,3.5041127246075274,0.5034648753924725,9,24082.730601201747
threshold_66,threshold,0.2,2,3.511330669093812,0.49624693090618893,9,24200.369806420225
threshold_65,threshold,0.2,3,3.5110143906934135,0.49656320930658726,9,33763.666965660246
threshold_64,threshold,0.2,3,3.491483974000191,0.5160936259998101,9,33635.86390129765
threshold_67,threshold,0.2,3,3.4922519647345167,0.5153256352654847,10,33559.4864954053
threshold_66,threshold,0.2,3,3.527460509879012,0.48011709012098847,10,33782.75133605726
threshold_69,threshold,0.2,1,3.5537904325521312,0.45378716744786896,9,14761.371297656393
threshold_68,threshold,0.2,1,3.4805759704057175,0.5270016295942825,9,14541.727911217153
threshold_71,threshold,0.2,1,3.4901875280634074,0.5173900719365938,10,14470.562584190222
threshold_70,threshold,0.2,1,3.548232400592618,0.4593451994073822,9,14744.697201777853
threshold_69,threshold,0.2,2,3.4505675343471918,0.5570100656528086,10,24113.073900697967
threshold_68,threshold,0.2,2,3.4488257186671682,0.5587518813328319,10,23888.20506721866
threshold_71,threshold,0.2,2,3.5225705670384735,0.4850070329615279,9,24138.27428530564
threshold_70,threshold,0.2,2,3.501369445995022,0.5062081540049783,10,24248.80553976292
threshold_69,threshold,0.2,3,3.532357497034265,0.4752201029657343,9,33810.146391800765
threshold_68,threshold,0.2,3,3.5417412036474496,0.4658363963525522,9,33613.428678161006
threshold_71,threshold,0.2,3,3.57355844067051,0.43401915932949114,9,33958.94960731717
threshold_70,threshold,0.2,3,3.5147449772051393,0.49283262279485984,10,33793.040471378335
threshold_73,threshold,0.2,1,3.5070169962072635,0.5005606037927356,10,14521.05098862179
threshold_72,threshold,0.2,1,3.500989611106586,0.5065879888934152,10,14502.968833319757
threshold_75,threshold,0.2,1,3.505280778458864,0.5022968215411373,10,14515.842335376592
threshold_74,threshold,0.2,1,3.5144688427445154,0.49310875725548386,10,14543.406528233547
threshold_73,threshold,0.2,2,3.5011891252084166,0.5063884747915832,10,24024.61836424704
threshold_72,threshold,0.2,2,3.519122145543323,0.4884554544566772,10,24060.335269949726
threshold_75,threshold,0.2,2,3.5084457141788983,0.499131885821102,10,24041.179477913287
threshold_74,threshold,0.2,2,3.5402630222807425,0.46731457771925755,10,24164.195595075777
threshold_73,threshold,0.2,3,3.4847483969880217,0.5228292030119804,10,33478.86355521111
threshold_72,threshold,0.2,3,3.4732354366369003,0.5343421633631007,10,33480.04157986042
threshold_75,threshold,0.2,3,3.5092722164824153,0.4983053835175858,10,33568.99612736053
threshold_74,threshold,0.2,3,3.4370066824638577,0.5705709175361421,10,33475.21564246735
threshold_77,threshold,0.2,1,3.5359442508025287,0.4716333491974728,10,14607.832752407587
threshold_76,threshold,0.2,1,3.4828471727864865,0.5247304272135138,10,14448.54151835946
threshold_79,threshold,0.2,1,3.489787136019689,0.5177904639803111,9,14569.361408059067
threshold_78,threshold,0.2,1,3.473849580301227,0.5337280196987731,10,14421.548740903681
threshold_77,threshold,0.2,2,3.5063037315450187,0.5012738684549801,9,24226.743947042643
threshold_76,threshold,0.2,2,3.5475601811842536,0.4600174188157473,10,24091.22206191222
threshold_79,threshold,0.2,2,3.490660322021165,0.5169172779788359,10,24041.342374122563
threshold_78,threshold,0.2,2,3.4927263001816398,0.5148512998183609,10,23899.7276414486
threshold_77,threshold,0.2,3,3.4846958985982175,0.5228817014017835,10,33680.83164283729
threshold_76,threshold,0.2,3,3.501364636322843,0.5062129636771591,10,33595.31597088075
threshold_79,threshold,0.2,3,3.482911610774613,0.5246659892253855,10,33490.0772064464
threshold_78,threshold,0.2,3,3.4777180314894687,0.5298595685105322,10,33332.881735917006
threshold_81,threshold,0.3,1,3.418607480721342,0.5889701192786582,7,14555.822442164026
threshold_80,threshold,0.3,1,3.3993128060087066,0.608264793991294,8,14397.93841802612
threshold_83,threshold,0.3,1,3.3958257525245474,0.6117518474754541,7,14487.477257573642
threshold_82,threshold,0.3,1,3.379695502114239,0.6278820978857614,8,14339.086506342717
threshold_81,threshold,0.3,2,3.404743324110642,0.6028342758893578,9,23870.052414495953
threshold_80,threshold,0.3,2,3.406100851026983,0.6014767489730177,8,23816.24097110707
threshold_83,threshold,0.3,2,3.402276447161542,0.6053011528384602,8,23894.30659905827
threshold_82,threshold,0.3,2,3.387875089950717,0.6197025100492837,8,23702.71177619487
threshold_81,threshold,0.3,3,3.4046938475319433,0.6028837524680569,7,33384.133957091784
threshold_80,threshold,0.3,3,3.4139284660322677,0.5936491339677324,7,33358.02636920387
threshold_83,threshold,0.3,3,3.3816500779518406,0.6259275220481605,8,33239.25683291379
threshold_82,threshold,0.3,3,3.3877197580499363,0.6198578419500652,8,33065.87105034468
threshold_85,threshold,0.3,1,3.3848924105464455,0.6226851894535553,8,14354.677231639336
threshold_84,threshold,0.3,1,3.3658117179505633,0.6417658820494382,9,14197.43515385169
threshold_87,threshold,0.3,1,3.4036454329751122,0.6039321670248897,8,14410.936298925337
threshold_86,threshold,0.3,1,3.410207175827456,0.5973704241725454,7,14530.621527482368
threshold_85,threshold,0.3,2,3.422033663003538,0.5855439369964617,7,23920.77822064995
threshold_84,threshold,0.3,2,3.391887894868489,0.6156897051315122,8,23573.098838457157
threshold_87,threshold,0.3,2,3.3903106954985747,0.6172669045014265,8,23781.86838542106
threshold_86,threshold,0.3,2,3.392108561021829,0.6154690389781722,8,23906.947210547856
threshold_85,threshold,0.3,3,3.3837921892143523,0.6237854107856482,8,33272.15478829301
threshold_84,threshold,0.3,3,3.3984321765873875,0.6091454234126135,8,32968.395368219324
threshold_87,threshold,0.3,3,3.4013120123913314,0.6062655876086691,7,33285.80442259506
threshold_86,threshold,0.3,3,3.401891292932104,0.605686307067896,9,33212.62108934417
threshold_89,threshold,0.3,1,3.384677065607831,0.6229005343921696,8,14354.031196823493
threshold_88,threshold,0.3,1,3.3658991878799256,0.6416784121200756,8,14297.697563639776
threshold_91,threshold,0.3,1,3.3822858625698013,0.6252917374302006,8,14346.857587709404
threshold_90,threshold,0.3,1,3.3820596574251574,0.6255179425748442,8,14346.178972275473
threshold_89,threshold,0.3,2,3.3862117848032343,0.6213658151967661,7,23812.666551233197
threshold_88,threshold,0.3,2,3.3752607065604567,0.6323168934395446,8,23623.479683321148
threshold_91,threshold,0.3,2,3.437586407461556,0.5699911925384431,7,23959.61681009407
threshold_90,threshold,0.3,2,3.4073673314426642,0.6002102685573365,8,23768.280966603466
threshold_89,threshold,0.3,3,3.397206595411437,0.6103710045885624,7,33304.28633746751
threshold_88,threshold,0.3,3,3.37777567754657,0.629801922453431,8,32956.80671596086
threshold_91,threshold,0.3,3,3.3816260139012337,0.6259515860987677,8,33304.494851797775
threshold_90,threshold,0.3,3,3.3754501945785886,0.6321274054214117,9,32994.63155033923
threshold_93,threshold,0.3,1,3.4210031109579,0.5865744890421002,7,14563.0093328737
threshold_92,threshold,0.3,1,3.4075738275664333,0.6000037724335685,8,14422.7214826993
threshold_95,threshold,0.3,1,3.3771715771382462,0.6304060228617553,8,14331.514731414738
threshold_94,threshold,0.3,1,3.391813229046594,0.6157643709534075,8,14375.439687139782
threshold_93,threshold,0.3,2,3.372794465210039,0.6347831347899618,8,23881.392728503815
threshold_92,threshold,0.3,2,3.4024405444310566,0.6051370555689451,8,23830.04311599247
threshold_95,threshold,0.3,2,3.381353654197347,0.6262239458026533,8,23675.57569400678
threshold_94,threshold,0.3,2,3.3845446706926623,0.6230329293073389,8,23729.07369921777
threshold_93,threshold,0.3,3,3.3925143591624085,0.6150632408375923,8,33258.935805991045
threshold_92,threshold,0.3,3,3.403218855000107,0.604358744999894,8,33239.699680992795
threshold_95,threshold,0.3,3,3.3907515526319116,0.6168260473680894,8,33047.830351902514
threshold_94,threshold,0.3,3,3.4258075895962423,0.5817700104037578,7,33306.496468006495
threshold_97,threshold,0.3,1,3.3729349252434306,0.6346426747565698,8,14318.804775730292
threshold_96,threshold,0.3,1,3.400884615260763,0.6066929847392379,8,14402.653845782288
threshold_99,threshold,0.3,1,3.400812494900203,0.6067651050997982,8,14402.43748470061
threshold_98,threshold,0.3,1,3.3961959700394666,0.6113816299605338,8,14388.5879101184
threshold_97,threshold,0.3,2,3.3868609772969585,0.6207166227030425,8,23679.387707621165
threshold_96,threshold,0.3,2,3.36927945386878,0.6382981461312199,8,23710.492207388626
threshold_99,threshold,0.3,2,3.4111094259167873,0.5964681740832128,7,23935.765762450974
threshold_98,threshold,0.3,2,3.397213516421406,0.6103640835785948,8,23780.22845938262
threshold_97,threshold,0.3,3,3.374112380765758,0.6334652192342426,8,33001.724849918435
threshold_96,threshold,0.3,3,3.4297779000262865,0.5777996999737129,7,33299.825907467486
threshold_99,threshold,0.3,3,3.3952903218442647,0.6122872781557361,7,33421.63672798377
threshold_98,threshold,0.3,3,3.3828439477456445,0.6247336522543564,8,33128.76030261955
threshold_101,threshold,0.3,1,3.3865106210231386,0.6210669789768624,8,14359.531863069416
threshold_100,threshold,0.3,1,3.4129596470473516,0.5946179529526499,8,14438.878941142055
threshold_103,threshold,0.3,1,3.379255243257353,0.6283223567426476,7,14437.76572977206
threshold_102,threshold,0.3,1,3.391363151994463,0.6162144480055365,8,14374.089455983389
threshold_101,threshold,0.3,2,3.4279428084900547,0.5796347915099469,8,23843.36028853958
threshold_100,threshold,0.3,2,3.3950513630271217,0.6125262369728802,8,23824.03303022342
threshold_103,threshold,0.3,2,3.3685791087215335,0.6389984912784671,8,23743.50305593666
threshold_102,threshold,0.3,2,3.4156041587858716,0.5919734412141285,8,23820.901932341003
threshold_101,threshold,0.3,3,3.381189455010207,0.6263881449897956,8,33186.9286535702
threshold_100,threshold,0.3,3,3.3821813808125434,0.6253962191874571,7,33270.577172661055
threshold_103,threshold,0.3,3,3.3765022053796545,0.6310753946203453,8,33073.00967207563
threshold_102,threshold,0.3,3,3.3896539046494714,0.617923695350529,8,33189.86364628942
threshold_105,threshold,0.3,1,3.360113622135123,0.6474639778648765,9,14180.34086640537
threshold_104,threshold,0.3,1,3.416116505131202,0.591461094868798,8,14448.349515393606
threshold_107,threshold,0.3,1,3.412491929469893,0.5950856705301073,7,14537.47578840968
threshold_106,threshold,0.3,1,3.374921601036762,0.6326559989632389,8,14324.764803110287
threshold_105,threshold,0.3,2,3.394225910822827,0.6133516891771739,8,23563.018598873852
threshold_104,threshold,0.3,2,3.420089571551551,0.5874880284484488,7,24008.618230048258
threshold_107,threshold,0.3,2,3.3963346005454214,0.6112429994545796,8,23926.479590045943
threshold_106,threshold,0.3,2,3.385229012987918,0.6223485870120827,9,23580.451842074042
threshold_105,threshold,0.3,3,3.383171339947869,0.6244062600521323,7,33012.53261871746
threshold_104,threshold,0.3,3,3.388879273341396,0.6186983266586066,8,33375.25605007244
threshold_107,threshold,0.3,3,3.3751512820883,0.632426317911701,8,33251.93343631084
threshold_106,threshold,0.3,3,3.388368818814673,0.619208781185329,8,32945.55829851806
threshold_109,threshold,0.3,1,3.3883939691396776,0.6191836308603239,8,14365.181907419033
threshold_108,threshold,0.3,1,3.3863560042854597,0.6212215957145409,8,14359.06801285638
threshold_111,threshold,0.3,1,3.3667066980849842,0.6408709019150162,9,14200.120094254953
threshold_110,threshold,0.3,1,3.3753956344605114,0.6321819655394897,8,14326.186903381535
threshold_109,threshold,0.3,2,3.4016265351849357,0.6059510648150653,7,23870.06151297384
threshold_108,threshold,0.3,2,3.3813188703770454,0.6262587296229551,8,23703.024623987516
threshold_111,threshold,0.3,2,3.40016476708235,0.6074128329176516,8,23600.614395502
threshold_110,threshold,0.3,2,3.3721284908619498,0.6354491091380509,8,23642.572375967386
threshold_109,threshold,0.3,3,3.4005564046719408,0.6070211953280609,7,33371.73072698966
threshold_108,threshold,0.3,3,3.38672635181354,0.6208512481864608,8,33063.20367942814
threshold_111,threshold,0.3,3,3.3945791290477985,0.6129984709522028,8,32984.3517826454
threshold_110,threshold,0.3,3,3.3839474912824885,0.6236301087175127,8,32994.41484981485
threshold_113,threshold,0.3,1,3.41803043902171,0.5895471609782916,8,14454.09131706513
threshold_112,threshold,0.3,1,3.385919178405527,0.6216584215944743,8,14357.757535216582
threshold_115,threshold,0.3,1,3.3983512862375944,0.6092263137624075,8,14395.053858712783
threshold_114,threshold,0.3,1,3.413211636776022,0.5943659632239776,8,14439.634910328066
threshold_113,threshold,0.3,2,3.3593632509149467,0.6482143490850537,9,23632.18106980997
threshold_112,threshold,0.3,2,3.378558649630869,0.6290189503691314,9,23593.43348410919
threshold_115,threshold,0.3,2,3.4104014797072804,0.5971761202927198,8,23826.258297834625
threshold_114,threshold,0.3,2,3.383574918443983,0.6240026815560183,8,23790.359665660013
threshold_113,threshold,0.3,3,3.3893916770011305,0.6181859229988704,9,32900.35610081336
threshold_112,threshold,0.3,3,3.3941324818227883,0.6134451181772129,8,32975.830929577554
threshold_115,threshold,0.3,3,3.384315150326362,0.6232624496736394,8,33179.203748813714
threshold_114,threshold,0.3,3,3.379429676124859,0.6281479238751416,9,33028.64869403459
threshold_117,threshold,0.3,1,3.371701896053633,0.6358757039463683,8,14315.105688160898
threshold_116,threshold,0.3,1,3.3831097884981634,0.6244678115018377,8,14349.32936549449
threshold_119,threshold,0.3,1,3.3840492187914273,0.6235283812085735,8,14352.147656374282
threshold_118,threshold,0.3,1,3.37556727637298,0.6320103236270211,8,14326.70182911894
threshold_117,threshold,0.3,2,3.3548022921680736,0.6527753078319266,8,23579.51256466512
threshold_116,threshold,0.3,2,3.404265997012372,0.6033116029876284,7,23862.127356531608
threshold_119,threshold,0.3,2,3.426525322940619,0.5810522770593823,8,23831.723625196137
threshold_118,threshold,0.3,2,3.3970776053616296,0.6104999946383715,7,23817.93464520383
threshold_117,threshold,0.3,3,3.3963097641728552,0.6112678358271451,8,32968.44185718369
threshold_116,threshold,0.3,3,3.3733080414281904,0.6342695585718116,8,33182.05148081618
threshold_119,threshold,0.3,3,3.392915035459373,0.6146625645406274,7,33310.468731574256
threshold_118,threshold,0.3,3,3.3822575768770653,0.6253200231229361,8,33164.70737583502
threshold_121,threshold,0.4,1,3.1923654837760513,0.8152121162239496,6,13977.096451328154
threshold_120,threshold,0.4,1,3.1870450687788634,0.8205325312211375,6,13961.13520633659
threshold_123,threshold,0.4,1,3.2032987941442594,0.8042788058557419,6,14009.896382432778
threshold_122,threshold,0.4,1,3.180487657554583,0.8270899424454184,6,13941.462972663749
threshold_121,threshold,0.4,2,3.2054830040306275,0.8020945959693728,6,22993.545463420036
threshold_120,threshold,0.4,2,3.1951767824622666,0.812400817537735,6,22946.66555372339
threshold_123,threshold,0.4,2,3.1776495696895326,0.829928030310468,6,22942.845091501375
threshold_122,threshold,0.4,2,3.2110404586130326,0.7965371413869688,6,22974.584348502845
threshold_121,threshold,0.4,3,3.198404665254073,0.8091729347459271,6,31988.759459182256
threshold_120,threshold,0.4,3,3.184482553277433,0.8230950467225691,6,31900.113213555687
threshold_123,threshold,0.4,3,3.189665128895769,0.8179124711042332,6,31911.840478188682
threshold_122,threshold,0.4,3,3.173375758326175,0.8342018416738246,6,31894.71162348137
threshold_125,threshold,0.4,1,3.2264025313214217,0.7811750686785784,6,14079.207593964265
threshold_124,threshold,0.4,1,3.1778985809573466,0.8296790190426543,6,13933.69574287204
threshold_127,threshold,0.4,1,3.153905822711012,0.8536717772889887,7,13761.717468133036
threshold_126,threshold,0.4,1,3.220740618667946,0.7868369813320536,6,14062.221856003838
threshold_125,threshold,0.4,2,3.2093088222231887,0.7982687777768116,5,23207.13406063383
threshold_124,threshold,0.4,2,3.2018981678772325,0.8056794321227677,6,22939.39024650374
threshold_127,threshold,0.4,2,3.1774846296148893,0.8300929703851114,7,22594.171356977706
threshold_126,threshold,0.4,2,3.2004097461387544,0.8071678538612457,6,23063.451094420103
threshold_125,threshold,0.4,3,3.1925335232315057,0.8150440767684949,6,32184.73463032835
threshold_124,threshold,0.4,3,3.1945442815893834,0.8130333184106177,6,31923.02309127189
threshold_127,threshold,0.4,3,3.1870283662526426,0.8205492337473586,6,31555.256455735635
threshold_126,threshold,0.4,3,3.2035977327926126,0.8039798672073865,5,32174.244292797943
threshold_129,threshold,0.4,1,3.2239187093286614,0.7836588906713392,6,14071.756127985984
threshold_128,threshold,0.4,1,3.2114639628003325,0.7961136371996673,6,14034.391888400998
threshold_131,threshold,0.4,1,3.1648267630855647,0.8427508369144371,6,13894.480289256693
threshold_130,threshold,0.4,1,3.15215902056041,0.8554185794395912,6,13856.47706168123
threshold_129,threshold,0.4,2,3.1806775368086995,0.826900063191302,6,23013.788738412084
threshold_128,threshold,0.4,2,3.2350672183882017,0.7725103816117992,6,23139.593543565603
threshold_131,threshold,0.4,2,3.18769687720486,0.8198807227951409,6,22857.570920871272
threshold_130,threshold,0.4,2,3.20666586725046,0.8009117327495414,6,22876.474663432607
threshold_129,threshold,0.4,3,3.173454230119067,0.8341233698809325,5,32034.151428769284
threshold_128,threshold,0.4,3,3.2062268294662055,0.8013507705337952,6,32158.274031964218
threshold_131,threshold,0.4,3,3.209904333757665,0.7976732662423348,6,31887.283922144266
threshold_130,threshold,0.4,3,3.201054027434304,0.8065235725656956,5,31979.63674573552
threshold_133,threshold,0.4,1,3.2062132983314426,0.8013643016685562,5,14118.639894994329
threshold_132,threshold,0.4,1,3.179884728221215,0.8276928717787854,7,13839.654184663645
threshold_135,threshold,0.4,1,3.154647921427334,0.8529296785726668,6,13863.943764282003
threshold_134,threshold,0.4,1,3.1623043615831192,0.8452732384168811,5,13986.913084749358
threshold_133,threshold,0.4,2,3.1671585334332524,0.840419066566749,6,23020.115495294085
threshold_132,threshold,0.4,2,3.1856335082422387,0.8219440917577621,6,22796.55470939036
threshold_135,threshold,0.4,2,3.2063182167671385,0.8012593832328626,6,22882.89841458342
threshold_134,threshold,0.4,2,3.2292358105990586,0.7783417894009409,6,23074.620516546536
threshold_133,threshold,0.4,3,3.192592361956514,0.8149852380434871,6,31997.89258116363
threshold_132,threshold,0.4,3,3.125999533815969,0.881578066184031,6,31574.553310838266
threshold_135,threshold,0.4,3,3.179342657201484,0.8282349427985146,5,31920.92638618787
threshold_134,threshold,0.4,3,3.2262427200169546,0.7813348799830453,6,32153.3486765974
threshold_137,threshold,0.4,1,3.2016431802162733,0.8059344197837285,6,14004.92954064882
threshold_136,threshold,0.4,1,3.2067928439292737,0.8007847560707275,6,14020.378531787821
threshold_139,threshold,0.4,1,3.2091977237701785,0.7983798762298219,5,14127.593171310536
threshold_138,threshold,0.4,1,3.156214863320708,0.8513627366792933,6,13868.644589962125
threshold_137,threshold,0.4,2,3.1904134996610414,0.8171641003389596,6,22976.170039631943
threshold_136,threshold,0.4,2,3.2099667513735057,0.7976108486264947,6,23050.27878590834
threshold_139,threshold,0.4,2,3.1588627536578207,0.848714846342181,6,23004.181432284
threshold_138,threshold,0.4,2,3.183960341967155,0.8236172580328457,6,22820.52561586359
threshold_137,threshold,0.4,3,3.184078179957168,0.8234994200428328,5,32028.404579503447
threshold_136,threshold,0.4,3,3.2183501734734445,0.7892274265265563,6,32105.329306328673
threshold_139,threshold,0.4,3,3.223556388991109,0.7840212110088917,6,32074.850599257326
threshold_138,threshold,0.4,3,3.22212276025235,0.7854548397476501,5,31986.89389662064
threshold_141,threshold,0.4,1,3.2000861286816282,0.8074914713183717,6,14000.258386044885
threshold_140,threshold,0.4,1,3.1960221666150326,0.8115554333849686,6,13988.066499845097
threshold_143,threshold,0.4,1,3.194179274268194,0.8133983257318069,6,13982.537822804583
threshold_142,threshold,0.4,1,3.1680940398558897,0.839483560144111,6,13904.28211956767
threshold_141,threshold,0.4,2,3.1971526443396403,0.8104249556603599,6,22991.716319063806
threshold_140,threshold,0.4,2,3.182950693635861,0.8246269063641383,6,22936.91858075268
threshold_143,threshold,0.4,2,3.190071706666302,0.8175058933336977,5,23052.75294280349
threshold_142,threshold,0.4,2,3.192029957261508,0.8155476427384918,6,22880.371991352193
threshold_141,threshold,0.4,3,3.1905993136540083,0.8169782863459928,6,31963.514260025833
threshold_140,threshold,0.4,3,3.1819813999666384,0.8255962000333623,6,31882.8627806526
threshold_143,threshold,0.4,3,3.199323005609106,0.8082545943908959,6,32050.72195963081
threshold_142,threshold,0.4,3,3.239410920116875,0.7681666798831245,5,32098.60475170282
threshold_145,threshold,0.4,1,3.1793497686378855,0.8282278313621152,6,13938.049305913657
threshold_144,threshold,0.4,1,3.2123360149828164,0.7952415850171829,6,14037.008044948449
threshold_147,threshold,0.4,1,3.157239293542176,0.8503383064578255,6,13871.717880626527
threshold_146,threshold,0.4,1,3.1950356156918778,0.812541984308123,6,13985.106847075633
threshold_145,threshold,0.4,2,3.1856771957787444,0.8219004042212567,6,22895.08089324989
threshold_144,threshold,0.4,2,3.158598450781283,0.8489791492187162,6,22912.803397292297
threshold_147,threshold,0.4,2,3.1884451440883277,0.8191324559116728,6,22837.053312891512
threshold_146,threshold,0.4,2,3.1833216140458407,0.8242559859541604,6,22935.071689213153
threshold_145,threshold,0.4,3,3.1707346332866546,0.8368429667133458,6,31807.284793109855
threshold_144,threshold,0.4,3,3.2108116686911465,0.7967659313088532,6,31945.238403365736
threshold_147,threshold,0.4,3,3.2308981973226962,0.7766794026773032,5,32029.7479048596
threshold_146,threshold,0.4,3,3.189566461222803,0.8180111387771983,6,31903.771072881562
threshold_149,threshold,0.4,1,3.176882536612079,0.8306950633879201,5,14030.647609836238
threshold_148,threshold,0.4,1,3.2028625928141885,0.8047150071858132,6,14008.587778442565
threshold_151,threshold,0.4,1,3.208127347240432,0.7994502527595685,5,14124.382041721296
threshold_150,threshold,0.4,1,3.1736813273495845,0.8338962726504167,6,13921.043982048754
threshold_149,threshold,0.4,2,3.1732700450152196,0.8343075549847809,6,22950.457744881896
threshold_148,threshold,0.4,2,3.208028473429264,0.7995491265707356,5,23132.673198730357
threshold_151,threshold,0.4,2,3.2116841547032524,0.7958934452967491,6,23159.434505831054
threshold_150,threshold,0.4,2,3.2019838277941415,0.805593772205859,6,22926.99546543118
threshold_149,threshold,0.4,3,3.172872941875373,0.8347046581246269,7,31769.076570508016
threshold_148,threshold,0.4,3,3.1881715568509925,0.8194060431490061,5,32197.187869283334
threshold_151,threshold,0.4,3,3.1883000566002493,0.8192775433997515,7,32024.334675631802
threshold_150,threshold,0.4,3,3.1630401674285493,0.844537432571452,6,31816.11596771683
threshold_153,threshold,0.4,1,3.181779983766901,0.8257976162330999,6,13945.339951300703
threshold_152,threshold,0.4,1,3.1725837668015133,0.8349938331984852,5,14017.75130040454
threshold_155,threshold,0.4,1,3.212580578628868,0.7949970213711328,6,14037.741735886604
threshold_154,threshold,0.4,1,3.1669788789245894,0.8405987210754117,6,13900.936636773768
threshold_153,threshold,0.4,2,3.1852454780945467,0.8223321219054541,6,22901.076385584343
threshold_152,threshold,0.4,2,3.1862476447575325,0.8213299552424678,6,22976.494234677135
threshold_155,threshold,0.4,2,3.211906573624014,0.7956710263759865,6,23073.461456758647
threshold_154,threshold,0.4,2,3.167538429420749,0.8400391705792511,6,22803.551925036016
threshold_153,threshold,0.4,3,3.192682317700704,0.8148952822992972,6,31879.123338686455
threshold_152,threshold,0.4,3,3.1943013341004365,0.8132762658995634,5,32059.398236978443
threshold_155,threshold,0.4,3,3.185665933090539,0.821911666909462,6,32030.459256030263
threshold_154,threshold,0.4,3,3.1699161476917452,0.8376614523082551,6,31713.300368111253
threshold_157,threshold,0.4,1,3.124319065970708,0.883258534029292,5,13872.957197912123
threshold_156,threshold,0.4,1,3.19434219160744,0.8132354083925616,6,13983.02657482232
threshold_159,threshold,0.4,1,3.201267459963361,0.8063101400366403,6,14003.802379890083
threshold_158,threshold,0.4,1,3.2044115300305958,0.8031660699694051,6,14013.234590091788
threshold_157,threshold,0.4,2,3.185590426264286,0.8219871737357152,6,22829.72847670498
threshold_156,threshold,0.4,2,3.1842163169833295,0.8233612830166703,6,22935.675525772305
threshold_159,threshold,0.4,2,3.206548511084837,0.801029088915163,5,23123.44791314459
threshold_158,threshold,0.4,2,3.16291316994514,0.844664430054861,6,22901.974099927207
threshold_157,threshold,0.4,3,3.162730089276389,0.8448475107236104,6,31717.918744534145
threshold_156,threshold,0.4,3,3.1898343141222916,0.81774328587771,6,31905.17846813918
threshold_159,threshold,0.4,3,3.2077680812830285,0.799809518716973,6,32146.752156993676
threshold_158,threshold,0.4,3,3.2421073921537626,0.7654702078462371,5,32128.296276388493
threshold_161,threshold,0.5,1,3.0006036038637807,1.0069739961362196,5,13501.810811591342
threshold_160,threshold,0.5,1,3.0210403285662837,0.9865372714337166,4,13663.120985698852
threshold_163,threshold,0.5,1,3.000878740461485,1.0066988595385136,5,13502.636221384455
threshold_162,threshold,0.5,1,3.0132913699297323,0.9942862300702665,5,13539.874109789196
threshold_161,threshold,0.5,2,3.001098647930776,1.0064789520692239,5,22005.10675538367
threshold_160,threshold,0.5,2,2.9790705310825394,1.0285070689174602,4,22200.332578946472
threshold_163,threshold,0.5,2,3.0380614548287337,0.9695161451712665,5,22116.820585870657
threshold_162,threshold,0.5,2,3.007451524968827,1.000126075031172,5,22062.228684695678
threshold_161,threshold,0.5,3,2.993660734175533,1.0139168658244677,5,30486.088957910266
threshold_160,threshold,0.5,3,3.0008929553235393,1.0066846446764612,5,30703.01144491709
threshold_163,threshold,0.5,3,3.0058887966115755,1.001688803388424,5,30634.486975705382
threshold_162,threshold,0.5,3,2.9894418462634054,1.0181357537365938,5,30530.554223485895
threshold_165,threshold,0.5,1,3.0248407965713886,0.9827368034286115,5,13574.522389714166
threshold_164,threshold,0.5,1,2.9964740217475794,1.0111035782524207,5,13489.422065242738
threshold_167,threshold,0.5,1,2.9963370344626714,1.0112405655373282,5,13489.011103388015
threshold_166,threshold,0.5,1,2.9771788052153294,1.030398794784671,5,13431.53641564599
threshold_165,threshold,0.5,2,2.987502388682654,1.0200752113173452,5,22037.02955576213
threshold_164,threshold,0.5,2,3.0126948270300646,0.9948827729699362,4,22127.50654633293
threshold_167,threshold,0.5,2,2.9757524073058494,1.0318251926941497,5,21916.268325305566
threshold_166,threshold,0.5,2,3.0127974997644014,0.9947801002355979,5,21969.92891493919
threshold_165,threshold,0.5,3,3.0330572698327174,0.9745203301672826,5,30636.20136526028
threshold_164,threshold,0.5,3,3.0149449913579454,0.9926326086420548,5,30672.341520406764
threshold_167,threshold,0.5,3,3.0159752738381918,0.9916023261618088,5,30464.19414682014
threshold_166,threshold,0.5,3,3.025676704215542,0.9819008957844583,4,30646.959027585817
threshold_169,threshold,0.5,1,2.986335141300941,1.0212424586990596,5,13459.005423902823
threshold_168,threshold,0.5,1,3.006395074464911,1.0011825255350886,5,13519.185223394734
threshold_171,threshold,0.5,1,3.0081109045552457,0.9994666954447543,5,13524.332713665737
threshold_170,threshold,0.5,1,2.9875379464407605,1.0200396535592382,5,13462.613839322281
threshold_169,threshold,0.5,2,2.9818176654952944,1.0257599345047064,5,21904.458420388706
threshold_168,threshold,0.5,2,2.991994587958869,1.0155830120411298,5,21995.16898727134
threshold_171,threshold,0.5,2,2.989187553771295,1.0183900462287043,5,21991.89537497962
threshold_170,threshold,0.5,2,3.0051766655237278,1.0024009344762723,5,21978.143835893465
threshold_169,threshold,0.5,3,3.000477978397956,1.0070996216020434,5,30405.892355582575
threshold_168,threshold,0.5,3,3.0112799991299433,0.9962976008700567,4,30629.00898466117
threshold_171,threshold,0.5,3,2.99597913858778,1.0115984614122193,5,30479.832790742963
threshold_170,threshold,0.5,3,2.9901066190561636,1.0174709809438351,5,30448.463693061956
threshold_173,threshold,0.5,1,3.000585024375032,1.006992575624968,5,13501.755073125096
threshold_172,threshold,0.5,1,2.980164509022243,1.0274130909777555,5,13440.493527066728
threshold_175,threshold,0.5,1,3.024508021074235,0.983069578925766,4,13673.524063222705
threshold_174,threshold,0.5,1,3.0134366218618958,0.9941409781381038,5,13540.309865585687
threshold_173,threshold,0.5,2,2.9925435709890276,1.015034029010972,5,21979.385786092178
threshold_172,threshold,0.5,2,3.0122759290714645,0.9953016709285339,4,22077.321314281122
threshold_175,threshold,0.5,2,3.0250328720242545,0.982544727975747,4,22348.62267929547
threshold_174,threshold,0.5,2,2.970839587266433,1.0367380127335655,4,22052.828627384988
threshold_173,threshold,0.5,3,2.998377858185741,1.0091997418142584,5,30474.5193606494
threshold_172,threshold,0.5,3,2.940479936628675,1.0670976633713243,5,30398.761124167147
threshold_175,threshold,0.5,3,2.972110183099166,1.0354674169008329,5,30764.953228592967
threshold_174,threshold,0.5,3,3.020075909726754,0.9875016902732449,4,30713.05635656525
threshold_177,threshold,0.5,1,3.0009613241890447,1.0066162758109547,4,13602.883972567133
threshold_176,threshold,0.5,1,2.9827743631657713,1.0248032368342286,4,13548.323089497313
threshold_179,threshold,0.5,1,3.0060952587335805,1.0014823412664189,5,13518.28577620074
threshold_178,threshold,0.5,1,2.9922367944890595,1.01534080551094,5,13476.710383467178
threshold_177,threshold,0.5,2,3.002769427139834,1.0048081728601654,4,22211.192253986635
threshold_176,threshold,0.5,2,2.9580582786383536,1.0495193213616458,5,21922.497925412375
threshold_179,threshold,0.5,2,2.978334572248749,1.02924302775125,5,21953.289492946988
threshold_178,threshold,0.5,2,2.962675379856217,1.044902220143783,5,21864.73652303583
threshold_177,threshold,0.5,3,2.9826281450094534,1.0249494549905462,4,30759.076689014997
threshold_176,threshold,0.5,3,2.98052772822244,1.02704987177756,5,30364.081110079696
threshold_179,threshold,0.5,3,3.00264032957723,1.0049372704227704,5,30461.210481678678
threshold_178,threshold,0.5,3,2.9883439401172662,1.0192336598827332,5,30329.76834338763
threshold_181,threshold,0.5,1,2.9987590244738316,1.008818575526169,5,13496.277073421496
threshold_180,threshold,0.5,1,3.01104731103186,0.9965302889681398,4,13633.14193309558
threshold_183,threshold,0.5,1,2.95297513712164,1.0546024628783601,5,13358.92541136492
threshold_182,threshold,0.5,1,2.977355576571858,1.0302220234281407,5,13432.066729715574
threshold_181,threshold,0.5,2,2.981902914122272,1.0256746858777275,5,21941.985815788314
threshold_180,threshold,0.5,2,2.9725957346448584,1.0349818653551421,5,22050.929137030154
threshold_183,threshold,0.5,2,2.9738300773323694,1.03374752266763,5,21780.41564336203
threshold_182,threshold,0.5,2,2.990695358085308,1.0168822419146917,5,21904.152803971498
threshold_181,threshold,0.5,3,3.0134554508761857,0.9941221491238141,5,30482.35216841687
threshold_180,threshold,0.5,3,3.010389554817044,0.9971880451829551,4,30682.097801481286
threshold_183,threshold,0.5,3,3.0019965468018577,1.0055810531981424,5,30286.405283767603
threshold_182,threshold,0.5,3,2.9846738600811427,1.0229037399188572,5,30358.174384214926
threshold_185,threshold,0.5,1,3.0248046415930414,0.9827729584069589,5,13574.413924779124
threshold_184,threshold,0.5,1,2.987598535567276,1.0199790644327236,5,13462.795606701828
threshold_187,threshold,0.5,1,3.0087890509465747,0.9987885490534253,5,13526.367152839724
threshold_186,threshold,0.5,1,3.0695068931162877,0.9380707068837117,4,13808.520679348863
threshold_185,threshold,0.5,2,3.0056495169807587,1.0019280830192414,5,22091.3624757214
threshold_184,threshold,0.5,2,2.9731011061026225,1.034476493897377,5,21882.098925009697
threshold_187,threshold,0.5,2,3.002597989028721,1.0049796109712785,5,22034.161119925888
threshold_186,threshold,0.5,2,3.0071907344819437,1.0003868655180557,5,22330.092882794692
threshold_185,threshold,0.5,3,2.9766095895054026,1.0309680104945969,5,30521.191244237605
threshold_184,threshold,0.5,3,3.0152068052601138,0.9923707947398868,5,30427.719340790038
threshold_187,threshold,0.5,3,3.034352910328626,0.9732246896713741,4,30737.219850911766
threshold_186,threshold,0.5,3,2.9777693483195633,1.0298082516804368,4,30863.400927753384
threshold_189,threshold,0.5,1,2.9740747774460186,1.0335028225539804,5,13422.224332338055
threshold_188,threshold,0.5,1,2.963990157618379,1.0435874423816198,5,13391.970472855137
threshold_191,threshold,0.5,1,3.0261141838464245,0.9814634161535755,5,13578.342551539274
threshold_190,threshold,0.5,1,3.0107745559416017,0.9968030440583987,4,13632.323667824805
threshold_189,threshold,0.5,2,3.0127430329994707,0.9948345670005294,4,22060.453431336467
threshold_188,threshold,0.5,2,2.989632657737666,1.0179449422623337,5,21860.868446068132
threshold_191,threshold,0.5,2,3.0139547064213916,0.9936228935786082,4,22220.206670803447
threshold_190,threshold,0.5,2,2.9729186542334185,1.0346589457665818,5,22051.079630525062
threshold_189,threshold,0.5,3,3.0083130804504923,0.9992645195495062,5,30585.392672687944
threshold_188,threshold,0.5,3,3.023323335861953,0.9842542641380463,5,30430.83845365399
threshold_191,threshold,0.5,3,3.019826641297549,0.9877509587024512,5,30779.686594696093
threshold_190,threshold,0.5,3,2.989414455512101,1.0181631444878994,4,30619.322997061365
threshold_193,threshold,0.5,1,2.9851193164838725,1.0224582835161264,5,13455.357949451618
threshold_192,threshold,0.5,1,2.9962004206764106,1.0113771793235897,5,13488.601262029231
threshold_195,threshold,0.5,1,2.994936267194759,1.0126413328052415,5,13484.808801584277
threshold_194,threshold,0.5,1,3.038645015382418,0.9689325846175814,4,13715.935046147253
threshold_193,threshold,0.5,2,3.029860610077967,0.9777169899220327,5,22044.93977968552
threshold_192,threshold,0.5,2,2.9885655541920397,1.0190120458079592,5,21954.29792460535
threshold_195,threshold,0.5,2,2.9804698117745008,1.0271077882254989,5,21926.21823690778
threshold_194,threshold,0.5,2,2.9891159025674128,1.0184616974325869,4,22283.28275384949
threshold_193,threshold,0.5,3,2.981853465173761,1.025724134826238,5,30490.500175206802
threshold_192,threshold,0.5,3,3.033509021779214,0.9740685782207865,4,30654.824989942994
threshold_195,threshold,0.5,3,3.0533377759303586,0.9542398240696409,4,30686.231564698854
threshold_194,threshold,0.5,3,2.980094975587294,1.0274826244127055,4,30823.56768061137
threshold_197,threshold,0.5,1,2.9506247228999736,1.0569528771000258,5,13351.87416869992
threshold_196,threshold,0.5,1,3.00598028470721,1.0015973152927913,4,13617.940854121629
threshold_199,threshold,0.5,1,3.0208980245896515,0.9866795754103475,5,13562.694073768955
threshold_198,threshold,0.5,1,2.9888272228822523,1.0187503771177464,5,13466.481668646757
threshold_197,threshold,0.5,2,2.949982434320858,1.0575951656791418,5,21701.821471662493
threshold_196,threshold,0.5,2,2.942712838005732,1.0648647619942682,4,22046.079368138824
threshold_199,threshold,0.5,2,3.000942624887242,1.0066349751127568,5,22065.52194843068
threshold_198,threshold,0.5,2,3.0086816738586304,0.998895926141369,4,22092.52669022265
threshold_197,threshold,0.5,3,3.0503876788370015,0.9571899211629993,4,30452.984508173497
threshold_196,threshold,0.5,3,2.9824505561458396,1.0251270438541595,5,30493.431036576345
threshold_199,threshold,0.5,3,2.9948533116032823,1.012724288396718,5,30550.081883240528
threshold_198,threshold,0.5,3,2.981132840329653,1.0264447596703463,5,30535.92521121161
