run_id,strategy,efficacy,increment,season,grain_tha,pest_loss_tha,spray_count,end_money,cost_per_spray
none_1,none,0.8,0.05,1,2.112554856999228,1.895022743000774,0,11337.664570997684,100.0
none_2,none,0.8,0.05,1,2.097079161712267,1.9104984382877348,0,11291.2374851368,100.0
none_3,none,0.8,0.05,1,2.0840145674732957,1.9235630325267068,0,11252.043702419887,100.0
none_0,none,0.8,0.05,1,2.1044636768865206,1.9031139231134813,0,11313.39103065956,100.0
none_1,none,0.8,0.05,2,2.0840145674732957,1.9235630325267068,0,17589.70827341757,100.0
none_2,none,0.8,0.05,2,2.0996579329127196,1.9079196670872824,0,17590.21128387496,100.0
none_3,none,0.8,0.05,2,2.1021542314036292,1.9054233685963728,0,17558.506396630775,100.0
none_0,none,0.8,0.05,2,2.2452446059481366,1.762332994051864,0,18049.12484850397,100.0
none_1,none,0.8,0.05,3,2.109712482581267,1.897865117418735,0,23918.84572116137,100.0
none_2,none,0.8,0.05,3,2.1148694917406057,1.8927081082593957,0,23934.819759096776,100.0
none_3,none,0.8,0.05,3,2.0944151930688943,1.9131624069311075,0,23841.75197583746,100.0
none_0,none,0.8,0.05,3,2.101526852348087,1.9060507476519148,0,24353.70540554823,100.0
none_5,none,0.8,0.05,1,2.0840145674732957,1.9235630325267068,0,11252.043702419887,100.0
none_6,none,0.8,0.05,1,2.1231608238739788,1.8844167761260233,0,11369.482471621937,100.0
none_7,none,0.8,0.05,1,2.179798867569322,1.827778732430679,0,11539.396602707966,100.0
none_4,none,0.8,0.05,1,2.1101437559512393,1.897433844048763,0,11330.431267853717,100.0
none_5,none,0.8,0.05,2,2.188291881013041,1.81928571898696,0,17816.91934545901,100.0
none_6,none,0.8,0.05,2,2.0840145674732957,1.9235630325267068,0,17621.526174041825,100.0
none_7,none,0.8,0.05,2,2.1692890797781135,1.8382885202218882,0,18047.263842042306,100.0
none_4,none,0.8,0.05,2,2.147650380285234,1.8599272197147674,0,17773.382408709418,100.0
none_5,none,0.8,0.05,3,2.1268467477115274,1.8807308522884743,0,24197.459588593592,100.0
none_6,none,0.8,0.05,3,2.1024561771096395,1.9051214228903623,0,23928.894705370745,100.0
none_7,none,0.8,0.05,3,2.110104821865826,1.8974727781341758,0,24377.578307639786,100.0
none_4,none,0.8,0.05,3,2.1968017118977383,1.810775888102263,0,24363.787544402632,100.0
none_8,none,0.8,0.05,1,2.0916632122294816,1.9159143877705203,0,11274.989636688446,100.0
none_9,none,0.8,0.05,1,2.2101835598257633,1.7973940401742377,0,11630.55067947729,100.0
none_10,none,0.8,0.05,1,2.0944151930688943,1.9131624069311075,0,11283.245579206683,100.0
none_11,none,0.8,0.05,1,2.0840145674732957,1.9235630325267068,0,11252.043702419887,100.0
none_8,none,0.8,0.05,2,2.1560989294215807,1.8514786705784207,0,17743.28642495319,100.0
none_9,none,0.8,0.05,2,2.107479787307866,1.900097812692136,0,17952.990041400888,100.0
none_10,none,0.8,0.05,2,2.0840145674732957,1.9235630325267068,0,17535.28928162657,100.0
none_11,none,0.8,0.05,2,2.1041765770849628,1.9034010229150393,0,17564.573433674777,100.0
none_8,none,0.8,0.05,3,2.0944151930688943,1.9131624069311075,0,24026.53200415987,100.0
none_9,none,0.8,0.05,3,2.0840145674732957,1.9235630325267068,0,24205.033743820775,100.0
none_10,none,0.8,0.05,3,2.1541920174017126,1.853385582598289,0,23997.86533383171,100.0
none_11,none,0.8,0.05,3,2.1330891638553733,1.8744884361446281,0,23963.840925240896,100.0
none_13,none,0.8,0.05,1,2.1465880292309913,1.8609895707690103,0,11439.764087692973,100.0
none_14,none,0.8,0.05,1,2.123156074013934,1.884421525986068,0,11369.468222041802,100.0
none_15,none,0.8,0.05,1,2.1025999467096397,1.9049776532903624,0,11307.799840128919,100.0
none_12,none,0.8,0.05,1,2.1359372607733866,1.871640339226615,0,11407.811782320161,100.0
none_13,none,0.8,0.05,2,2.1091308405188083,1.8984467594811936,0,17767.156609249396,100.0
none_14,none,0.8,0.05,2,2.132739829953379,1.8748377700466228,0,17767.687711901937,100.0
none_15,none,0.8,0.05,2,2.0840145674732957,1.9235630325267068,0,17559.843542548806,100.0
none_12,none,0.8,0.05,2,2.179964346404775,1.8276132535952263,0,17947.704821534488,100.0
none_13,none,0.8,0.05,3,2.0840145674732957,1.9235630325267068,0,24019.200311669283,100.0
none_14,none,0.8,0.05,3,2.117792400707425,1.889785199292577,0,24121.064914024213,100.0
none_15,none,0.8,0.05,3,2.1518640336923296,1.8557135663076718,0,24015.435643625795,100.0
none_12,none,0.8,0.05,3,2.1041765770849628,1.9034010229150393,0,24260.234552789378,100.0
none_17,none,0.8,0.05,1,2.1306945209295614,1.8768830790704403,0,11392.083562788685,100.0
none_18,none,0.8,0.05,1,2.1389565511442217,1.8686210488557802,0,11416.869653432666,100.0
none_19,none,0.8,0.05,1,2.0888203114470967,1.9187572885529054,0,11266.46093434129,100.0
none_16,none,0.8,0.05,1,2.1021542314036292,1.9054233685963728,0,11306.462694210888,100.0
none_17,none,0.8,0.05,2,2.087752406344031,1.9198251936559712,0,17655.340781820778,100.0
none_18,none,0.8,0.05,2,2.1439950141240414,1.86358258587596,0,17848.85469580479,100.0
none_19,none,0.8,0.05,2,2.097079161712267,1.9104984382877348,0,17557.698419478093,100.0
none_16,none,0.8,0.05,2,2.097079161712267,1.9104984382877348,0,17597.70017934769,100.0
none_17,none,0.8,0.05,3,2.085883486908663,1.9216941130913392,0,23912.991242546766,100.0
none_18,none,0.8,0.05,3,2.1119737413011936,1.8956038586988084,0,24184.77591970837,100.0
none_19,none,0.8,0.05,3,2.085883486908663,1.9216941130913392,0,23815.34888020408,100.0
none_16,none,0.8,0.05,3,2.1024561771096395,1.9051214228903623,0,23905.068710676605,100.0
none_21,none,0.8,0.05,1,2.0840145674732957,1.9235630325267068,0,11252.043702419887,100.0
none_22,none,0.8,0.05,1,2.1130005723052383,1.8945770276947635,0,11339.001716915714,100.0
none_23,none,0.8,0.05,1,2.1977792701999106,1.8097983298000904,0,11593.337810599733,100.0
none_20,none,0.8,0.05,1,2.0840145674732957,1.9235630325267068,0,11252.043702419887,100.0
none_21,none,0.8,0.05,2,2.1020638378250807,1.9055137621749214,0,17558.23521589513,100.0
none_22,none,0.8,0.05,2,2.0888203114470967,1.9187572885529054,0,17605.462651257003,100.0
none_23,none,0.8,0.05,2,2.164006982669853,1.8435706173301478,0,18085.35875860929,100.0
none_20,none,0.8,0.05,2,2.0840145674732957,1.9235630325267068,0,17504.087404839775,100.0
none_21,none,0.8,0.05,3,2.0840145674732957,1.9235630325267068,0,23810.278918315016,100.0
none_22,none,0.8,0.05,3,2.0996579329127196,1.9079196670872824,0,23904.436449995163,100.0
none_23,none,0.8,0.05,3,2.107479787307866,1.900097812692136,0,24407.79812053289,100.0
none_20,none,0.8,0.05,3,2.1024561771096395,1.9051214228903623,0,23811.45593616869,100.0
none_24,none,0.8,0.05,1,2.0840145674732957,1.9235630325267068,0,11252.043702419887,100.0
none_25,none,0.8,0.05,1,2.1127082832451936,1.894869316754808,0,11338.124849735581,100.0
none_26,none,0.8,0.05,1,2.1384965919317134,1.8690810080682883,0,11415.48977579514,100.0
none_27,none,0.8,0.05,1,2.0916632122294816,1.9159143877705203,0,11274.989636688446,100.0
none_24,none,0.8,0.05,2,2.0840145674732957,1.9235630325267068,0,17504.087404839775,100.0
none_25,none,0.8,0.05,2,2.0840145674732957,1.9235630325267068,0,17590.16855215547,100.0
none_26,none,0.8,0.05,2,2.1041765770849628,1.9034010229150393,0,17728.019507050027,100.0
none_27,none,0.8,0.05,2,2.0840145674732957,1.9235630325267068,0,17527.033339108333,100.0
none_24,none,0.8,0.05,3,2.144004490378273,1.8635731096217287,0,23936.100875974593,100.0
none_25,none,0.8,0.05,3,2.0840145674732957,1.9235630325267068,0,23842.212254575355,100.0
none_26,none,0.8,0.05,3,2.0840145674732957,1.9235630325267068,0,23980.063209469914,100.0
none_27,none,0.8,0.05,3,2.108832424990298,1.898745175009704,0,23853.530614079227,100.0
none_29,none,0.8,0.05,1,2.163382473345078,1.8441951266549228,0,11490.147420035235,100.0
none_30,none,0.8,0.05,1,2.0840145674732957,1.9235630325267068,0,11252.043702419887,100.0
none_31,none,0.8,0.05,1,2.0840145674732957,1.9235630325267068,0,11252.043702419887,100.0
none_28,none,0.8,0.05,1,2.1595312166750076,1.8480463833249943,0,11478.593650025023,100.0
none_29,none,0.8,0.05,2,2.0888203114470967,1.9187572885529054,0,17756.608354376527,100.0
none_30,none,0.8,0.05,2,2.163173240745336,1.8444043592546653,0,17741.563424655895,100.0
none_31,none,0.8,0.05,2,2.120739610639973,1.8868379893600287,0,17614.262534339807,100.0
none_28,none,0.8,0.05,2,2.1251735129093463,1.8824040870906555,0,17854.11418875306,100.0
none_29,none,0.8,0.05,3,2.102307657649595,1.9052699423504071,0,24063.531327325312,100.0
none_30,none,0.8,0.05,3,2.123156074013934,1.884421525986068,0,24111.031646697695,100.0
none_31,none,0.8,0.05,3,2.085883486908663,1.9216941130913392,0,23871.912995065795,100.0
none_28,none,0.8,0.05,3,2.1204473215799284,1.8871302784200734,0,24215.456153492847,100.0
none_33,none,0.8,0.05,1,2.166285767517935,1.8412918324820666,0,11498.857302553804,100.0
none_34,none,0.8,0.05,1,2.169505259864793,1.8380723401352086,0,11508.515779594378,100.0
none_35,none,0.8,0.05,1,2.1080629354157425,1.8995146645842593,0,11324.188806247228,100.0
none_32,none,0.8,0.05,1,2.087752406344031,1.9198251936559712,0,11263.257219032093,100.0
none_33,none,0.8,0.05,2,2.085883486908663,1.9216941130913392,0,17756.507763279795,100.0
none_34,none,0.8,0.05,2,2.148652093640409,1.8589255063595926,0,17954.472060515604,100.0
none_35,none,0.8,0.05,2,2.0936260554208976,1.9139515445791042,0,17605.06697250992,100.0
none_32,none,0.8,0.05,2,2.133358489572934,1.8742191104270673,0,17663.332687750895,100.0
none_33,none,0.8,0.05,3,2.0840145674732957,1.9235630325267068,0,24008.551465699682,100.0
none_34,none,0.8,0.05,3,2.107306577668906,1.9002710223310961,0,24276.39179352232,100.0
none_35,none,0.8,0.05,3,2.085883486908663,1.9216941130913392,0,23862.71743323591,100.0
none_32,none,0.8,0.05,3,2.090689230882464,1.9168883691175378,0,23935.40038039829,100.0
none_37,none,0.8,0.05,1,2.1434508553655593,1.8641267446344423,0,11430.352566096677,100.0
none_38,none,0.8,0.05,1,2.0888203114470967,1.9187572885529054,0,11266.46093434129,100.0
none_39,none,0.8,0.05,1,2.120739610639973,1.8868379893600287,0,11362.21883191992,100.0
none_36,none,0.8,0.05,1,2.140033152982103,1.8675444470178986,0,11420.099458946308,100.0
none_37,none,0.8,0.05,2,2.1044636768865206,1.9031139231134813,0,17743.743596756238,100.0
none_38,none,0.8,0.05,2,2.0916632122294816,1.9159143877705203,0,17541.450571029734,100.0
none_39,none,0.8,0.05,2,2.0996579329127196,1.9079196670872824,0,17661.19263065808,100.0
none_36,none,0.8,0.05,2,2.102307657649595,1.9052699423504071,0,17727.022431895093,100.0
none_37,none,0.8,0.05,3,2.107479787307866,1.900097812692136,0,24066.182958679834,100.0
none_38,none,0.8,0.05,3,2.117792400707425,1.889785199292577,0,23894.82777315201,100.0
none_39,none,0.8,0.05,3,2.1230123044139337,1.8845652955860681,0,24030.22954389988,100.0
none_36,none,0.8,0.05,3,2.1182433121490636,1.889334287850938,0,24081.752368342284,100.0
calendar_40,calendar,0.8,0.05,1,2.544267040375543,1.463310559624458,5,12132.801121126628,100.0
calendar_41,calendar,0.8,0.05,1,2.4970526451903443,1.5105249548096555,5,11991.157935571033,100.0
calendar_42,calendar,0.8,0.05,1,2.4747162782180916,1.5328613217819094,5,11924.148834654276,100.0
calendar_43,calendar,0.8,0.05,1,2.536017948417399,1.4715596515826008,5,12108.053845252198,100.0
calendar_40,calendar,0.8,0.05,2,2.516130496597831,1.4914471034021692,5,19181.19261092012,100.0
calendar_41,calendar,0.8,0.05,2,2.461433650329576,1.5461439496704246,5,18875.45888655976,100.0
calendar_42,calendar,0.8,0.05,2,2.603250825935399,1.4043267740646017,5,19233.90131246047,100.0
calendar_43,calendar,0.8,0.05,2,2.4645641297014005,1.5430134702986005,5,19001.7462343564,100.0
calendar_40,calendar,0.8,0.05,3,2.483670526176545,1.5239070738234557,5,26132.204189449752,100.0
calendar_41,calendar,0.8,0.05,3,2.610590361770462,1.396987238229539,5,26207.229971871147,100.0
calendar_42,calendar,0.8,0.05,3,2.5500819401362627,1.457495659863738,5,26384.14713286926,100.0
calendar_43,calendar,0.8,0.05,3,2.479374126612675,1.5282034733873269,5,25939.868614194427,100.0
calendar_45,calendar,0.8,0.05,1,2.5478843007945926,1.4596932992054081,5,12143.652902383777,100.0
calendar_46,calendar,0.8,0.05,1,2.490833759452325,1.5167438405476754,5,11972.501278356975,100.0
calendar_47,calendar,0.8,0.05,1,2.4886736676783063,1.5189039323216948,5,11966.021003034919,100.0
calendar_44,calendar,0.8,0.05,1,2.463556063486886,1.5440215365131145,5,11890.66819046066,100.0
calendar_45,calendar,0.8,0.05,2,2.482989432771429,1.5245881672285715,5,19092.621200698064,100.0
calendar_46,calendar,0.8,0.05,2,2.5853647994050055,1.4222128005949943,5,19228.59567657199,100.0
calendar_47,calendar,0.8,0.05,2,2.5074100088266205,1.5001675911733805,5,18988.25102951478,100.0
calendar_44,calendar,0.8,0.05,2,2.63028246915305,1.377295130846951,5,19281.51559791981,100.0
calendar_45,calendar,0.8,0.05,3,2.612483405890965,1.3950941941090371,5,26430.071418370957,100.0
calendar_46,calendar,0.8,0.05,3,2.489705128036185,1.5178724719638157,5,26197.711060680544,100.0
calendar_47,calendar,0.8,0.05,3,2.567346329450028,1.4402312705499725,5,26190.290017864863,100.0
calendar_44,calendar,0.8,0.05,3,2.466817065656389,1.5407605343436113,5,26181.966794888976,100.0
calendar_49,calendar,0.8,0.05,1,2.5172580880802657,1.490319511919735,5,12051.774264240797,100.0
calendar_50,calendar,0.8,0.05,1,2.6056179590019735,1.4019596409980277,5,12316.85387700592,100.0
calendar_51,calendar,0.8,0.05,1,2.572877613017425,1.4346999869825754,5,12218.632839052276,100.0
calendar_48,calendar,0.8,0.05,1,2.4797624558025326,1.5278151441974681,5,11939.287367407598,100.0
calendar_49,calendar,0.8,0.05,2,2.5186954431115973,1.4888821568884023,5,19107.86059357559,100.0
calendar_50,calendar,0.8,0.05,2,2.4844501757148163,1.523127424285184,5,19270.20440415037,100.0
calendar_51,calendar,0.8,0.05,2,2.5235486080271294,1.4840289919728706,5,19289.278663133664,100.0
calendar_48,calendar,0.8,0.05,2,2.5270860999956017,1.4804915000043988,5,19020.545667394403,100.0
calendar_49,calendar,0.8,0.05,3,2.4392158858878874,1.568361714112113,5,25925.508251239255,100.0
calendar_50,calendar,0.8,0.05,3,2.5771772754049884,1.4304003245950114,5,26501.736230365335,100.0
calendar_51,calendar,0.8,0.05,3,2.5240078851410885,1.483569714858911,5,26361.30231855693,100.0
calendar_48,calendar,0.8,0.05,3,2.5686236812167182,1.4389539187832827,5,26226.416711044556,100.0
calendar_53,calendar,0.8,0.05,1,2.6402392872413447,1.3673383127586558,5,12420.717861724035,100.0
calendar_54,calendar,0.8,0.05,1,2.5775272474072013,1.4300503525927986,5,12232.581742221604,100.0
calendar_55,calendar,0.8,0.05,1,2.487073789940734,1.5205038100592663,5,11961.2213698222,100.0
calendar_52,calendar,0.8,0.05,1,2.6258856683416782,1.381691931658322,5,12377.657005025034,100.0
calendar_53,calendar,0.8,0.05,2,2.583890759059695,1.4236868409403056,5,19672.39013890312,100.0
calendar_54,calendar,0.8,0.05,2,2.527437705949448,1.4801398940505528,5,19314.894860069948,100.0
calendar_55,calendar,0.8,0.05,2,2.5407366843863155,1.4668409156136843,5,19083.431422981146,100.0
calendar_52,calendar,0.8,0.05,2,2.485925610532925,1.5216519894670755,5,19335.433836623808,100.0
calendar_53,calendar,0.8,0.05,3,2.6215356637812373,1.3860419362187646,5,27036.997130246833,100.0
calendar_54,calendar,0.8,0.05,3,2.4981624106625677,1.5094151893374328,5,26309.38209205765,100.0
calendar_55,calendar,0.8,0.05,3,2.501796873771673,1.5057807262283285,5,26088.822044296165,100.0
calendar_52,calendar,0.8,0.05,3,2.540924643962904,1.4666529560370973,5,26458.20776851252,100.0
calendar_56,calendar,0.8,0.05,1,2.526056461681885,1.4815211383181157,5,12078.169385045654,100.0
calendar_57,calendar,0.8,0.05,1,2.4730026274859656,1.5345749725140343,5,11919.007882457896,100.0
calendar_58,calendar,0.8,0.05,1,2.489998750190145,1.5175788498098548,5,11969.996250570435,100.0
calendar_59,calendar,0.8,0.05,1,2.470956232030857,1.5366213679691436,5,11912.86869609257,100.0
calendar_56,calendar,0.8,0.05,2,2.504470728607172,1.5031068713928286,5,19091.58157086717,100.0
calendar_57,calendar,0.8,0.05,2,2.52751771453999,1.4800598854600093,5,19001.561026077867,100.0
calendar_58,calendar,0.8,0.05,2,2.5001207485838046,1.5074568514161961,5,18970.35849632185,100.0
calendar_59,calendar,0.8,0.05,2,2.5250412375590603,1.482536362440941,5,18987.99240876975,100.0
calendar_56,calendar,0.8,0.05,3,2.4016545536639446,1.6059230463360556,5,25796.545231859003,100.0
calendar_57,calendar,0.8,0.05,3,2.5334984755773444,1.474079124422656,5,26102.0564528099,100.0
calendar_58,calendar,0.8,0.05,3,2.5666230337070757,1.4409545662929248,5,26170.227597443074,100.0
calendar_59,calendar,0.8,0.05,3,2.559170905395393,1.448406694604607,5,26165.50512495593,100.0
calendar_61,calendar,0.8,0.05,1,2.587223338002114,1.420354261997887,5,12261.670014006342,100.0
calendar_62,calendar,0.8,0.05,1,2.5434832941108234,1.4640943058891775,5,12130.44988233247,100.0
calendar_63,calendar,0.8,0.05,1,2.5250119271905676,1.4825656728094339,5,12075.035781571703,100.0
calendar_60,calendar,0.8,0.05,1,2.496078108074561,1.5114994919254392,5,11988.234324223682,100.0
calendar_61,calendar,0.8,0.05,2,2.478752508489031,1.5288250915109691,5,19197.927539473436,100.0
calendar_62,calendar,0.8,0.05,2,2.667625351976404,1.3399522480235972,5,19633.32593826168,100.0
calendar_63,calendar,0.8,0.05,2,2.60642301106057,1.4011545889394303,5,19394.304814753414,100.0
calendar_60,calendar,0.8,0.05,2,2.6245975861074164,1.3829800138925836,5,19362.02708254593,100.0
calendar_61,calendar,0.8,0.05,3,2.4940346446445636,1.5135429553554374,5,26180.03147340713,100.0
calendar_62,calendar,0.8,0.05,3,2.54160062948581,1.4659769705141903,5,26758.127826719112,100.0
calendar_63,calendar,0.8,0.05,3,2.59528272307903,1.412294876920971,5,26680.152983990505,100.0
calendar_60,calendar,0.8,0.05,3,2.562916671634883,1.4446609283651177,5,26550.777097450577,100.0
calendar_65,calendar,0.8,0.05,1,2.5204635058978133,1.4871140941021868,5,12061.390517693439,100.0
calendar_66,calendar,0.8,0.05,1,2.4944735544188923,1.513104045581108,5,11983.420663256677,100.0
calendar_67,calendar,0.8,0.05,1,2.5199492642073746,1.4876283357926263,5,12059.847792622124,100.0
calendar_64,calendar,0.8,0.05,1,2.5865709239212924,1.4210066760787075,5,12259.712771763876,100.0
calendar_65,calendar,0.8,0.05,2,2.5447494568487934,1.4628281431512067,5,19195.638888239817,100.0
calendar_66,calendar,0.8,0.05,2,2.567045181190054,1.4405324188099464,5,19184.556206826837,100.0
calendar_67,calendar,0.8,0.05,2,2.591411885365265,1.4161657146347344,5,19334.08344871792,100.0
calendar_64,calendar,0.8,0.05,2,2.6813072925265393,1.3262703074734623,5,19803.634649343494,100.0
calendar_65,calendar,0.8,0.05,3,2.581424187449315,1.4261534125506854,5,26439.911450587762,100.0
calendar_66,calendar,0.8,0.05,3,2.6713327328898893,1.3362448671101126,5,26698.554405496507,100.0
calendar_67,calendar,0.8,0.05,3,2.5171397525762176,1.4904378474237832,5,26385.502706446572,100.0
calendar_64,calendar,0.8,0.05,3,2.4075778102259853,1.5999997897740155,5,26526.36808002145,100.0
calendar_69,calendar,0.8,0.05,1,2.489409485413879,1.5181681145861226,5,11968.228456241637,100.0
calendar_70,calendar,0.8,0.05,1,2.6799465681894032,1.3276310318105982,5,12539.83970456821,100.0
calendar_71,calendar,0.8,0.05,1,2.543342632549931,1.464234967450069,5,12130.027897649794,100.0
calendar_68,calendar,0.8,0.05,1,2.662105690575342,1.3454719094246574,5,12486.317071726025,100.0
calendar_69,calendar,0.8,0.05,2,2.504684516241205,1.5028930837587957,5,18982.28200496525,100.0
calendar_70,calendar,0.8,0.05,2,2.548472909881145,1.4591046901188558,5,19685.258434211646,100.0
calendar_71,calendar,0.8,0.05,2,2.4677245144173123,1.539853085582688,5,19033.201440901732,100.0
calendar_68,calendar,0.8,0.05,2,2.5081263381776306,1.499451261822369,5,19510.69608625892,100.0
calendar_69,calendar,0.8,0.05,3,2.657808034513706,1.3497695654862951,5,26455.70610850637,100.0
calendar_70,calendar,0.8,0.05,3,2.592264964645457,1.4153126353545427,5,26962.053328148017,100.0
calendar_71,calendar,0.8,0.05,3,2.5681374285204495,1.4394401714795502,5,26237.61372646308,100.0
calendar_68,calendar,0.8,0.05,3,2.4825659073755086,1.525011692624492,5,26458.393808385445,100.0
calendar_72,calendar,0.8,0.05,1,2.5201699451407125,1.4874076548592872,5,12060.509835422137,100.0
calendar_73,calendar,0.8,0.05,1,2.5995058201007226,1.408071779899278,5,12298.517460302168,100.0
calendar_74,calendar,0.8,0.05,1,2.498055395733663,1.5095222042663383,5,11994.16618720099,100.0
calendar_75,calendar,0.8,0.05,1,2.542768715017237,1.464808884982763,5,12128.306145051713,100.0
calendar_72,calendar,0.8,0.05,2,2.529245748423718,1.4783318515762829,5,19148.24708069329,100.0
calendar_73,calendar,0.8,0.05,2,2.534528066865722,1.473049533134278,5,19402.101660899334,100.0
calendar_74,calendar,0.8,0.05,2,2.505820990624854,1.5017566093751475,5,19011.62915907555,100.0
calendar_75,calendar,0.8,0.05,2,2.6364021791002403,1.3711754208997604,5,19537.512682352433,100.0
calendar_72,calendar,0.8,0.05,3,2.550278118306457,1.4572994816935425,5,26299.08143561266,100.0
calendar_73,calendar,0.8,0.05,3,2.563550536646478,1.4440270633535226,5,26592.75327083877,100.0
calendar_74,calendar,0.8,0.05,3,2.5343262859927065,1.473251314007294,5,26114.60801705367,100.0
calendar_75,calendar,0.8,0.05,3,2.4336296495251957,1.5739479504748044,5,26338.40163092802,100.0
calendar_77,calendar,0.8,0.05,1,2.7158302000844006,1.2917473999155988,5,12647.4906002532,100.0
calendar_78,calendar,0.8,0.05,1,2.5539115316660883,1.4536660683339122,5,12161.734594998265,100.0
calendar_79,calendar,0.8,0.05,1,2.4430072113046313,1.5645703886953697,5,11829.021633913893,100.0
calendar_76,calendar,0.8,0.05,1,2.576309955495844,1.431267644504157,5,12228.929866487531,100.0
calendar_77,calendar,0.8,0.05,2,2.5472557289001587,1.4603218710998411,5,19789.257786953676,100.0
calendar_78,calendar,0.8,0.05,2,2.547319469453185,1.460258130546816,5,19303.69300335782,100.0
calendar_79,calendar,0.8,0.05,2,2.529133790528155,1.4784438094718462,5,18916.423005498356,100.0
calendar_76,calendar,0.8,0.05,2,2.692508830949503,1.3150687690504967,5,19806.45635933604,100.0
calendar_77,calendar,0.8,0.05,3,2.502622792773365,1.504954807226636,5,26797.12616527377,100.0
calendar_78,calendar,0.8,0.05,3,2.5645822359605424,1.4429953640394582,5,26497.439711239447,100.0
calendar_79,calendar,0.8,0.05,3,2.5250813379514514,1.4824962620485496,5,25991.66701935271,100.0
calendar_76,calendar,0.8,0.05,3,2.422808833496078,1.5847687665039225,5,26574.882859824273,100.0
threshold_81,threshold,0.8,0.05,1,3.1287794605608195,0.8787981394391811,10,13386.338381682459,100.0
threshold_82,threshold,0.8,0.05,1,3.2140248130858353,0.7935527869141644,10,13642.074439257505,100.0
threshold_83,threshold,0.8,0.05,1,3.23782969824879,0.7697479017512089,10,13713.48909474637,100.0
threshold_80,threshold,0.8,0.05,1,3.194667019251938,0.8129105807480607,10,13584.001057755815,100.0
threshold_81,threshold,0.8,0.05,2,3.1835848675972143,0.8239927324027851,10,21937.092984474104,100.0
threshold_82,threshold,0.8,0.05,2,3.2698174096350563,0.7377601903649432,9,22551.526668162674,100.0
threshold_83,threshold,0.8,0.05,2,3.2285154963885168,0.779062103611483,10,22399.035583911922,100.0
threshold_80,threshold,0.8,0.05,2,3.2081249421497144,0.7994526578502861,10,22208.375884204957,100.0
threshold_81,threshold,0.8,0.05,3,3.224299211796597,0.7832783882034028,10,30609.990619863893,100.0
threshold_82,threshold,0.8,0.05,3,3.189877484661142,0.817700115338857,10,31121.1591221461,100.0
threshold_83,threshold,0.8,0.05,3,3.084516397406671,0.9230612025933297,10,30652.584776131935,100.0
threshold_80,threshold,0.8,0.05,3,3.1890612570363768,0.8185163429636256,10,30775.559655314086,100.0
threshold_85,threshold,0.8,0.05,1,3.162087937292506,0.8454896627074939,10,13486.263811877518,100.0
threshold_86,threshold,0.8,0.05,1,3.212133271566496,0.7954443284335037,10,13636.399814699489,100.0
threshold_87,threshold,0.8,0.05,1,3.209138405808577,0.7984391941914235,10,13627.41521742573,100.0
threshold_84,threshold,0.8,0.05,1,3.163404763891619,0.8441728361083805,10,13490.214291674858,100.0
threshold_85,threshold,0.8,0.05,2,3.224594002663762,0.7829835973362386,10,22160.045819868803,100.0
threshold_86,threshold,0.8,0.05,2,3.193549394197418,0.8140282058025816,10,22217.047997291742,100.0
threshold_87,threshold,0.8,0.05,2,3.1869346051459932,0.8206429948540064,10,22188.219032863708,100.0
threshold_84,threshold,0.8,0.05,2,3.160701466746957,0.8468761332530432,10,21972.31869191573,100.0
threshold_85,threshold,0.8,0.05,3,3.099471896965867,0.9081057030341316,10,30458.461510766403,100.0
threshold_86,threshold,0.8,0.05,3,3.2033048224923615,0.8042727775076398,10,30826.962464768825,100.0
threshold_87,threshold,0.8,0.05,3,3.2399433121641916,0.7676342878358076,10,30908.048969356285,100.0
threshold_84,threshold,0.8,0.05,3,3.2057100961257734,0.8018675038742257,10,30589.44898029305,100.0
threshold_88,threshold,0.8,0.05,1,3.1799368561383945,0.8276407438616069,10,13539.810568415183,100.0
threshold_89,threshold,0.8,0.05,1,3.186754848657466,0.8208227513425332,10,13560.264545972399,100.0
threshold_90,threshold,0.8,0.05,1,3.2079331636628576,0.7996444363371422,10,13623.799490988573,100.0
threshold_91,threshold,0.8,0.05,1,3.212045888640832,0.7955317113591681,10,13636.137665922495,100.0
threshold_88,threshold,0.8,0.05,2,3.1741355507951954,0.8334420492048029,10,22062.21722080077,100.0
threshold_89,threshold,0.8,0.05,2,3.2152916042231725,0.792285995776826,10,22206.139358641914,100.0
threshold_90,threshold,0.8,0.05,2,3.122025384929811,0.8855522150701896,10,21989.875645778004,100.0
threshold_91,threshold,0.8,0.05,2,3.1148143242204474,0.8927632757795502,10,21980.580638583837,100.0
threshold_88,threshold,0.8,0.05,3,3.1456821068034055,0.8618954931965942,10,30499.263541210985,100.0
threshold_89,threshold,0.8,0.05,3,3.2178761243091203,0.78970147569088,10,30859.767731569274,100.0
threshold_90,threshold,0.8,0.05,3,3.122852720385709,0.8847248796142908,10,30358.43380693513,100.0
threshold_91,threshold,0.8,0.05,3,3.234012492226235,0.7735651077737637,9,30782.618115262543,100.0
threshold_93,threshold,0.8,0.05,1,3.2320657951694387,0.7755118048305631,9,13796.197385508316,100.0
threshold_94,threshold,0.8,0.05,1,3.2357165570246096,0.7718610429753895,10,13707.149671073828,100.0
threshold_95,threshold,0.8,0.05,1,3.146959226279413,0.8606183737205864,10,13440.877678838238,100.0
threshold_92,threshold,0.8,0.05,1,3.2021845612425466,0.8053930387574528,10,13606.55368372764,100.0
threshold_93,threshold,0.8,0.05,2,3.1382822498333036,0.8692953501666967,10,22211.044135008226,100.0
threshold_94,threshold,0.8,0.05,2,3.1250074623412174,0.882570137658783,10,22082.17205809748,100.0
threshold_95,threshold,0.8,0.05,2,3.2554351250548286,0.7521424749451717,10,22207.183054002722,100.0
threshold_92,threshold,0.8,0.05,2,3.13005850002924,0.8775190999707592,10,21996.72918381536,100.0
threshold_93,threshold,0.8,0.05,3,3.2256479413170998,0.7819296586829007,10,30887.987958959526,100.0
threshold_94,threshold,0.8,0.05,3,3.259248545556726,0.7483290544432744,9,30959.917694767657,100.0
threshold_95,threshold,0.8,0.05,3,3.1740745526703216,0.8335030473296771,10,30729.406712013686,100.0
threshold_92,threshold,0.8,0.05,3,3.1746848479523573,0.8328927520476436,10,30520.78372767243,100.0
threshold_97,threshold,0.8,0.05,1,3.0971022377181567,0.9104753622818451,10,13291.30671315447,100.0
threshold_98,threshold,0.8,0.05,1,3.1659421442089837,0.8416354557910165,10,13497.826432626951,100.0
threshold_99,threshold,0.8,0.05,1,3.144635107061666,0.8629424929383354,10,13433.905321184997,100.0
threshold_96,threshold,0.8,0.05,1,3.2119094401903774,0.7956681598096239,10,13635.728320571132,100.0
threshold_97,threshold,0.8,0.05,2,3.1980794519363247,0.809498148063677,10,21885.545068963445,100.0
threshold_98,threshold,0.8,0.05,2,3.21369256744661,0.7938850325533897,10,22138.904134966782,100.0
threshold_99,threshold,0.8,0.05,2,3.189033312072658,0.8185442879273432,10,22001.00525740297,100.0
threshold_96,threshold,0.8,0.05,2,3.094263390526679,0.9133142094733192,10,21918.518492151168,100.0
threshold_97,threshold,0.8,0.05,3,3.0605823078343675,0.9469952921656325,10,30067.291992466548,100.0
threshold_98,threshold,0.8,0.05,3,3.3051966576648697,0.7023809423351303,10,31054.494107961393,100.0
threshold_99,threshold,0.8,0.05,3,3.138214491191244,0.869363108808757,10,30415.648730976704,100.0
threshold_96,threshold,0.8,0.05,3,3.1314375818921802,0.8761400181078196,10,30312.83123782771,100.0
threshold_101,threshold,0.8,0.05,1,3.1942528200001408,0.8133247799998577,10,13582.758460000423,100.0
threshold_102,threshold,0.8,0.05,1,3.1692313926757927,0.8383462073242075,10,13507.694178027377,100.0
threshold_103,threshold,0.8,0.05,1,3.229128181147065,0.7784494188529345,9,13787.384543441196,100.0
threshold_100,threshold,0.8,0.05,1,3.16093414245896,0.8466434575410396,10,13482.802427376879,100.0
threshold_101,threshold,0.8,0.05,2,3.157383294519915,0.8501943054800848,10,22054.908343560168,100.0
threshold_102,threshold,0.8,0.05,2,3.1317433144383626,0.8758342855616372,10,21902.924121342465,100.0
threshold_103,threshold,0.8,0.05,2,3.1797045153042984,0.8278730846957022,10,22326.498089354092,100.0
threshold_100,threshold,0.8,0.05,2,3.253079835988561,0.7544977640114382,10,22242.04193534256,100.0
threshold_101,threshold,0.8,0.05,3,3.2287610763980963,0.7788165236019046,10,30741.191572754455,100.0
threshold_102,threshold,0.8,0.05,3,3.1207339476723526,0.8868436523276484,10,30265.125964359522,100.0
threshold_103,threshold,0.8,0.05,3,3.254258992230851,0.7533186077691499,10,31089.275066046644,100.0
threshold_100,threshold,0.8,0.05,3,3.2024386298163336,0.805138970183667,10,30849.35782479156,100.0
threshold_104,threshold,0.8,0.05,1,3.167843197477049,0.8397344025229501,10,13503.529592431147,100.0
threshold_105,threshold,0.8,0.05,1,3.1241433527107025,0.8834342472892993,10,13372.430058132108,100.0
threshold_106,threshold,0.8,0.05,1,3.202170443843432,0.8054071561565675,9,13706.511331530295,100.0
threshold_107,threshold,0.8,0.05,1,3.2605320395846253,0.7470455604153746,10,13781.596118753876,100.0
threshold_104,threshold,0.8,0.05,2,3.1145701905104866,0.8930074094895127,10,21847.240163962604,100.0
threshold_105,threshold,0.8,0.05,2,3.1957096508269776,0.8118679491730236,10,21959.55901061304,100.0
threshold_106,threshold,0.8,0.05,2,3.124561428914319,0.8830161710856814,10,22080.195618273254,100.0
threshold_107,threshold,0.8,0.05,2,3.2209310149141395,0.7866465850858602,10,22444.389163496293,100.0
threshold_104,threshold,0.8,0.05,3,3.1475572009706854,0.8600203990293152,10,30289.911766874662,100.0
threshold_105,threshold,0.8,0.05,3,3.2828209173494787,0.724756682650523,10,30808.021762661476,100.0
threshold_106,threshold,0.8,0.05,3,3.224419729087001,0.7831578709129988,10,30753.454805534257,100.0
threshold_107,threshold,0.8,0.05,3,3.0968518099194946,0.9107257900805074,10,30734.944593254775,100.0
threshold_109,threshold,0.8,0.05,1,3.1753366830540846,0.8322409169459166,10,13526.010049162254,100.0
threshold_110,threshold,0.8,0.05,1,3.210145380300312,0.797432219699689,10,13630.436140900936,100.0
threshold_111,threshold,0.8,0.05,1,3.1175791794526186,0.889998420547381,10,13352.737538357856,100.0
threshold_108,threshold,0.8,0.05,1,3.1196097560866285,0.887967843913371,10,13358.829268259886,100.0
threshold_109,threshold,0.8,0.05,2,3.1700269884793286,0.8375506115206711,10,22036.091014600242,100.0
threshold_110,threshold,0.8,0.05,2,3.215842078157501,0.7917355218424988,10,22277.962375373438,100.0
threshold_111,threshold,0.8,0.05,2,3.1476870793036733,0.859890520696327,10,21795.79877626888,100.0
threshold_108,threshold,0.8,0.05,2,3.1793238612867514,0.8282537387132489,10,21896.80085212014,100.0
threshold_109,threshold,0.8,0.05,3,3.140250615171618,0.8673269848283827,10,30456.842860115095,100.0
threshold_110,threshold,0.8,0.05,3,3.098885976186773,0.9086916238132267,10,30574.620303933756,100.0
threshold_111,threshold,0.8,0.05,3,3.1245420869230385,0.8830355130769603,10,30169.425037037996,100.0
threshold_108,threshold,0.8,0.05,3,3.1860475787031524,0.821530021296849,10,30454.9435882296,100.0
threshold_113,threshold,0.8,0.05,1,3.198000224191758,0.8095773758082412,10,13594.000672575274,100.0
threshold_114,threshold,0.8,0.05,1,3.1921417404888435,0.8154358595111579,10,13576.42522146653,100.0
threshold_115,threshold,0.8,0.05,1,3.1722248791290255,0.8353527208709748,10,13516.674637387077,100.0
threshold_112,threshold,0.8,0.05,1,3.184794840700677,0.8227827592993241,10,13554.384522102031,100.0
threshold_113,threshold,0.8,0.05,2,3.1175075374689953,0.8900700625310043,10,21946.52328498226,100.0
threshold_114,threshold,0.8,0.05,2,3.182836616373046,0.824740983626954,10,22124.93507058567,100.0
threshold_115,threshold,0.8,0.05,2,3.1473476001383642,0.8602299998616362,10,21958.71743780217,100.0
threshold_112,threshold,0.8,0.05,2,3.1953349757044283,0.8122426242955723,10,22140.389449215316,100.0
threshold_113,threshold,0.8,0.05,3,3.142960047090457,0.864617552909544,10,30375.40342625363,100.0
threshold_114,threshold,0.8,0.05,3,3.222438373743111,0.7851392262568888,10,30792.250191815,100.0
threshold_115,threshold,0.8,0.05,3,3.2797295792218444,0.7278480207781539,9,30897.906175467702,100.0
threshold_112,threshold,0.8,0.05,3,3.135017962673302,0.8725596373266987,10,30545.44333723522,100.0
threshold_117,threshold,0.8,0.05,1,3.213806264417372,0.7937713355826279,10,13641.418793252116,100.0
threshold_118,threshold,0.8,0.05,1,3.2423331578457915,0.7652444421542096,10,13726.999473537375,100.0
threshold_119,threshold,0.8,0.05,1,3.2124845140294207,0.7950930859705786,10,13637.453542088262,100.0
threshold_116,threshold,0.8,0.05,1,3.1646714450330196,0.8429061549669815,10,13494.014335099058,100.0
threshold_117,threshold,0.8,0.05,2,3.189200861716576,0.818376738283425,10,22209.02137840184,100.0
threshold_118,threshold,0.8,0.05,2,3.1697632950676735,0.8378143049323258,10,22236.289358740396,100.0
threshold_119,threshold,0.8,0.05,2,3.0704762259674703,0.9371013740325294,10,21848.88221999067,100.0
threshold_116,threshold,0.8,0.05,2,3.1931217317856846,0.8144558682143158,10,22073.379530456114,100.0
threshold_117,threshold,0.8,0.05,3,3.120884399035429,0.8866932009645722,10,30571.67457550813,100.0
threshold_118,threshold,0.8,0.05,3,3.132357611834425,0.8752199881655743,10,30633.362194243673,100.0
threshold_119,threshold,0.8,0.05,3,3.148723125881218,0.858854474118782,10,30295.051597634323,100.0
threshold_116,threshold,0.8,0.05,3,3.1828605394490985,0.8247170605509024,10,30621.96114880341,100.0
