run_id,strategy,season,grain_tha,pest_loss_tha,spray_count,end_money,cost_per_spray
none_0,none,1,2.282554797723071,1.7250228022769296,0,11847.664393169212,100.0
none_1,none,1,2.2563329506567884,1.7512446493432123,0,11768.998851970366,100.0
none_2,none,1,2.378945169382859,1.6286324306171398,0,12136.835508148579,100.0
none_3,none,1,2.3587344591348662,1.6488431408651332,0,12076.2033774046,100.0
none_0,none,2,2.358550600240827,1.649026999759173,0,18923.316193891693,100.0
none_1,none,2,2.3327843957391834,1.6747932042608162,0,18767.352039187914,100.0
none_2,none,2,2.31998147925029,1.68759612074971,0,19096.77994589945,100.0
none_3,none,2,2.3243363206989125,1.6832412793010876,0,19049.212339501337,100.0
none_0,none,3,2.3585948747644214,1.6489827252355782,0,25999.100818184957,100.0
none_1,none,3,2.35957916079757,1.6479984392024298,0,25846.089521580623,100.0
none_2,none,3,2.2944794973199807,1.7130981026800196,0,25980.218437859392,100.0
none_3,none,3,2.2323418380304303,1.7752357619695707,0,25746.237853592625,100.0
none_4,none,1,2.2949053015190137,1.7126722984809866,0,11884.71590455704,100.0
none_5,none,1,2.2536949922061997,1.753882607793801,0,11761.0849766186,100.0
none_6,none,1,2.262734316542872,1.744843283457129,0,11788.202949628616,100.0
none_7,none,1,2.257598609785506,1.7499789902144949,0,11772.795829356517,100.0
none_4,none,2,2.3029653341019602,1.70461226589804,0,18793.61190686292,100.0
none_5,none,2,2.2493599436199507,1.7582176563800502,0,18509.164807478453,100.0
none_6,none,2,2.322777248380435,1.6848003516195649,0,18756.53469476992,100.0
none_7,none,2,2.2912781499638313,1.7162994500361692,0,18646.630279248013,100.0
none_4,none,3,2.348514674812729,1.659062925187271,0,25839.155931301106,100.0
none_5,none,3,2.275788777854515,1.7317888221454858,0,25336.531141041996,100.0
none_6,none,3,2.418068394155633,1.589509205844366,0,26010.73987723682,100.0
none_7,none,3,2.314515321225988,1.6930622787740117,0,25590.176242925976,100.0
none_8,none,1,2.2695383679803465,1.738039232019654,0,11808.61510394104,100.0
none_9,none,1,2.320040699558947,1.6875369004410532,0,11960.12209867684,100.0
none_10,none,1,2.276502334275996,1.7310752657240045,0,11829.507002827988,100.0
none_11,none,1,2.2729510504444392,1.7346265495555613,0,11818.853151333318,100.0
none_8,none,2,2.259108451968722,1.7484691480312788,0,18585.940459847207,100.0
none_9,none,2,2.304845057029723,1.702732542970277,0,18874.65726976601,100.0
none_10,none,2,2.2957930363663785,1.7117845636336215,0,18716.886111927124,100.0
none_11,none,2,2.2797490292674296,1.7278285707325711,0,18658.10023913561,100.0
none_8,none,3,2.342115340098002,1.6654622599019981,0,25612.286480141214,100.0
none_9,none,3,2.2876878322390986,1.719889767760902,0,25737.720766483304,100.0
none_10,none,3,2.304974438727754,1.702603161272246,0,25631.809428110388,100.0
none_11,none,3,2.2744198176675017,1.7331577823324988,0,25481.359692138114,100.0
none_12,none,1,2.307020309455652,1.700557290544348,0,11921.060928366955,100.0
none_13,none,1,2.318308257893305,1.6892693421066955,0,11954.924773679915,100.0
none_14,none,1,2.2772553237744693,1.730322276225531,0,11831.765971323408,100.0
none_15,none,1,2.4110775475735178,1.5965000524264816,0,12233.232642720553,100.0
none_12,none,2,2.2875182686749036,1.7200593313250965,0,18783.615734391664,100.0
none_13,none,2,2.2501456714352406,1.7574319285647604,0,18705.36178798564,100.0
none_14,none,2,2.301078044361872,1.7064995556381284,0,18735.000104409024,100.0
none_15,none,2,2.2750539036501234,1.7325236963498765,0,19058.394353670923,100.0
none_12,none,3,2.310866455478511,1.6967111445214889,0,25716.215100827198,100.0
none_13,none,3,2.2934254169950603,1.7141521830049402,0,25585.63803897082,100.0
none_14,none,3,2.305987253668924,1.7015903463310762,0,25652.961865415797,100.0
none_15,none,3,2.2586368466448548,1.7489407533551458,0,25834.304893605487,100.0
none_16,none,1,2.2908266091158906,1.7167509908841092,0,11872.479827347672,100.0
none_17,none,1,2.3735444073885357,1.6340331926114637,0,12120.633222165607,100.0
none_18,none,1,2.281366928435832,1.7262106715641685,0,11844.100785307495,100.0
none_19,none,1,2.2805880102093283,1.726989589790672,0,11841.764030627985,100.0
none_16,none,2,2.311677987263979,1.695899612736021,0,18807.513789139608,100.0
none_17,none,2,2.3369426095305217,1.670634990469478,0,19131.46105075717,100.0
none_18,none,2,2.2895890787197586,1.7179885212802413,0,18712.86802146677,100.0
none_19,none,2,2.3403483011287882,1.6672292988712116,0,18862.80893401435,100.0
none_16,none,3,2.3215846985579196,1.6859929014420802,0,25772.267884813366,100.0
none_17,none,3,2.3266283617618875,1.6809492382381124,0,26111.346136042834,100.0
none_18,none,3,2.3489356428224344,1.658641957177565,0,25759.674949934073,100.0
none_19,none,3,2.299390409209966,1.7081871907900337,0,25760.98016164425,100.0
none_20,none,1,2.304265960709918,1.703311639290082,0,11912.797882129755,100.0
none_21,none,1,2.3464977697615037,1.6610798302384961,0,12039.493309284511,100.0
none_22,none,1,2.3482281699440137,1.6593494300559863,0,12044.684509832041,100.0
none_23,none,1,2.2584306852187406,1.7491469147812597,0,11775.292055656222,100.0
none_20,none,2,2.2944807556511937,1.7130968443488066,0,18796.240149083336,100.0
none_21,none,2,2.2422120901494043,1.7653655098505965,0,18766.129579732726,100.0
none_22,none,2,2.3197196930015354,1.6878579069984643,0,19003.843588836648,100.0
none_23,none,2,2.420069182954054,1.587508417045945,0,19035.499604518383,100.0
none_20,none,3,2.300204567541264,1.707373032458736,0,25696.85385170713,100.0
none_21,none,3,2.274488216559263,1.733089383440738,0,25589.594229410515,100.0
none_22,none,3,2.255015706719092,1.752561893280909,0,25768.890708993924,100.0
none_23,none,3,2.305770230559215,1.7018073694407856,0,25952.81029619603,100.0
none_24,none,1,2.3239757508255368,1.6836018491744633,0,11971.92725247661,100.0
none_25,none,1,2.287711434040713,1.7198661659592875,0,11863.13430212214,100.0
none_26,none,1,2.2504971039329047,1.7570804960670965,0,11751.491311798714,100.0
none_27,none,1,2.277310768607203,1.730266831392797,0,11831.93230582161,100.0
none_24,none,2,2.300050229409327,1.7075273705906733,0,18872.07794070459,100.0
none_25,none,2,2.379978002258335,1.6275995977416642,0,19003.068308897145,100.0
none_26,none,2,2.351163291680099,1.6564143083199006,0,18804.98118683901,100.0
none_27,none,2,2.2607103516661824,1.7468672483338181,0,18614.063360820157,100.0
none_24,none,3,2.307261862220573,1.7003157377794273,0,25793.86352736631,100.0
none_25,none,3,2.349507762512542,1.6580698374874578,0,26051.591596434773,100.0
none_26,none,3,2.3122643497216253,1.6953132502783745,0,25741.774236003886,100.0
none_27,none,3,2.3091229413327974,1.6984546586672027,0,25541.43218481855,100.0
none_28,none,1,2.2700686888083097,1.7375089111916908,0,11810.20606642493,100.0
none_29,none,1,2.2917265015000443,1.715851098499956,0,11875.179504500133,100.0
none_30,none,1,2.3129093400963696,1.694668259903631,0,11938.728020289109,100.0
none_31,none,1,2.3868665460819463,1.6207110539180527,0,12160.59963824584,100.0
none_28,none,2,2.2798277153687145,1.7277498846312858,0,18649.689212531073,100.0
none_29,none,2,2.2762674441891373,1.7313101558108628,0,18703.981837067546,100.0
none_30,none,2,2.284367254390134,1.7232103456098662,0,18791.82978345951,100.0
none_31,none,2,2.263873305676696,1.7437042943233045,0,18952.21955527593,100.0
none_28,none,3,2.3267239575843095,1.6808536424156904,0,25629.861085284003,100.0
none_29,none,3,2.296328433130358,1.711249166869642,0,25592.96713645862,100.0
none_30,none,3,2.3652897594804387,1.6422878405195613,0,25887.69906190083,100.0
none_31,none,3,2.363898348775881,1.6436792512241192,0,26043.914601603574,100.0
none_32,none,1,2.3825874814396677,1.6249901185603313,0,12147.762444319003,100.0
none_33,none,1,2.3055711844309608,1.7020064155690395,0,11916.713553292882,100.0
none_34,none,1,2.270835701066834,1.7367418989331664,0,11812.507103200502,100.0
none_35,none,1,2.2566043883917577,1.750973211608243,0,11769.813165175274,100.0
none_32,none,2,2.290496495370634,1.7170811046293661,0,19019.251930430906,100.0
none_33,none,2,2.2934710767132214,1.714106523286779,0,18797.126783432548,100.0
none_34,none,2,2.29653352482325,1.7110440751767502,0,18702.10767767025,100.0
none_35,none,2,2.2713525944233117,1.7362250055766888,0,18583.87094844521,100.0
none_32,none,3,2.3164342800049473,1.691143319995053,0,25968.55477044575,100.0
none_33,none,3,2.303071647580036,1.7045059524199642,0,25706.341726172657,100.0
none_34,none,3,2.268924904914571,1.7386526950854297,0,25508.882392413965,100.0
none_35,none,3,2.2823464771935225,1.7252311228064778,0,25430.910380025776,100.0
none_36,none,1,2.292933326047818,1.7146442739521819,0,11878.799978143456,100.0
none_37,none,1,2.284587268055452,1.7229903319445483,0,11853.761804166355,100.0
none_38,none,1,2.2660396854698104,1.7415379145301904,0,11798.119056409432,100.0
none_39,none,1,2.3719164769912764,1.635661123008723,0,12115.749430973829,100.0
none_36,none,2,2.2948967020488324,1.7126808979511676,0,18763.49008428995,100.0
none_37,none,2,2.419093004554862,1.588484595445137,0,19111.04081783094,100.0
none_38,none,2,2.3305741721201194,1.6770034278798804,0,18789.84157276979,100.0
none_39,none,2,2.2402754193162666,1.7673021806837346,0,18836.57568892263,100.0
none_36,none,3,2.330722734643388,1.676854865356611,0,25755.658288220115,100.0
none_37,none,3,2.3351537479236875,1.672423852076312,0,26116.502061602005,100.0
none_38,none,3,2.281276013029423,1.7263015869705778,0,25633.66961185806,100.0
none_39,none,3,2.3898805250149713,1.617697074985028,0,26006.21726396754,100.0
calendar_40,calendar,1,3.3488303062145315,0.658747293785469,5,14546.490918643594,100.0
calendar_41,calendar,1,3.3447551222610965,0.6628224777389039,5,14534.26536678329,100.0
calendar_42,calendar,1,3.2945957459184996,0.7129818540815006,5,14383.7872377555,100.0
calendar_43,calendar,1,3.2723646551986376,0.7352129448013625,5,14317.093965595914,100.0
calendar_40,calendar,2,3.3821364513809518,0.6254411486190471,5,24192.90027278645,100.0
calendar_41,calendar,2,3.2556176051336463,0.7519599948663538,5,23801.118182184226,100.0
calendar_42,calendar,2,3.32902729057655,0.6785503094234523,5,23870.86910948515,100.0
calendar_43,calendar,2,3.3017791089690167,0.705798491030984,5,23722.431292502966,100.0
calendar_40,calendar,3,3.340103381258134,0.6674742187418656,5,33713.210416560854,100.0
calendar_41,calendar,3,3.300382453834247,0.7071951461657523,5,33202.26554368697,100.0
calendar_42,calendar,3,3.315215855363464,0.692361744636538,5,33316.51667557554,100.0
calendar_43,calendar,3,3.3911436413414298,0.6164339586585718,5,33395.86221652725,100.0
calendar_44,calendar,1,3.365503100047358,0.6420744999526443,5,14596.509300142074,100.0
calendar_45,calendar,1,3.3590694489705943,0.6485081510294058,5,14577.208346911782,100.0
calendar_46,calendar,1,3.3150010750919314,0.6925765249080691,5,14445.003225275794,100.0
calendar_47,calendar,1,3.292991959274662,0.7145856407253381,5,14378.975877823987,100.0
calendar_44,calendar,2,3.3322453997158856,0.6753322002841146,5,24093.245499289733,100.0
calendar_45,calendar,2,3.3060190229493895,0.7015585770506089,5,23995.265415759954,100.0
calendar_46,calendar,2,3.39543561339243,0.6121419866075709,5,24131.310065453086,100.0
calendar_47,calendar,2,3.2446920940511736,0.7628855059488268,5,23613.05215997751,100.0
calendar_44,calendar,3,3.3077812289689623,0.699796371031038,5,33516.58918619662,100.0
calendar_45,calendar,3,3.296121251072484,0.7114563489275174,5,33383.62916897741,100.0
calendar_46,calendar,3,3.2826341234185037,0.7249434765814969,5,33479.2124357086,100.0
calendar_47,calendar,3,3.3642669708843824,0.6433106291156176,5,33205.853072630656,100.0
calendar_48,calendar,1,3.325131746414533,0.6824458535854676,5,14475.395239243599,100.0
calendar_49,calendar,1,3.3438607314915134,0.6637168685084871,5,14531.58219447454,100.0
calendar_50,calendar,1,3.254224598573967,0.753353001426035,5,14262.673795721901,100.0
calendar_51,calendar,1,3.2520774700932646,0.755500129906734,5,14256.232410279794,100.0
calendar_48,calendar,2,3.4402446544346432,0.5673329455653576,5,24296.129202547527,100.0
calendar_49,calendar,2,3.3526388525392825,0.6549387474607177,5,24089.49875209239,100.0
calendar_50,calendar,2,3.1810563065623776,0.8265212934376237,5,23305.84271540903,100.0
calendar_51,calendar,2,3.385207707271608,0.6223698927283928,5,23911.855532094618,100.0
calendar_48,calendar,3,3.2846329302127395,0.7229446697872608,5,33650.027993185744,100.0
calendar_49,calendar,3,3.2329619456307466,0.7746156543692534,5,33288.38458898463,100.0
calendar_50,calendar,3,3.366280219308071,0.6412973806919304,5,32904.683373333246,100.0
calendar_51,calendar,3,3.1906929260384493,0.8168846739615512,5,32983.93431020997,100.0
calendar_52,calendar,1,3.3159509732929235,0.6916266267070761,5,14447.852919878771,100.0
calendar_53,calendar,1,3.2668883714986214,0.740689228501378,5,14300.665114495865,100.0
calendar_54,calendar,1,3.2582658612963984,0.7493117387036009,5,14274.797583889194,100.0
calendar_55,calendar,1,3.4547619756806256,0.5528156243193733,5,14864.285927041878,100.0
calendar_52,calendar,2,3.432816788257508,0.5747608117424927,5,24246.303284651294,100.0
calendar_53,calendar,2,3.211950787202448,0.7956268127975531,5,23436.51747610321,100.0
calendar_54,calendar,2,3.409795164856917,0.5977824351430833,5,24004.183078459944,100.0
calendar_55,calendar,2,3.311521975932257,0.6960556240677418,5,24298.85185483865,100.0
calendar_52,calendar,3,3.3150136754752606,0.6925639245247398,5,33691.344311077075,100.0
calendar_53,calendar,3,3.330503593468939,0.6770740065310628,5,32928.02825651003,100.0
calendar_54,calendar,3,3.3745084373948204,0.6330691626051802,5,33627.7083906444,100.0
calendar_55,calendar,3,3.3114312381741224,0.6961463618258764,5,33733.14556936102,100.0
calendar_56,calendar,1,3.279560128837673,0.7280174711623272,5,14338.680386513019,100.0
calendar_57,calendar,1,3.382252133079763,0.6253254669202373,5,14646.75639923929,100.0
calendar_58,calendar,1,3.320386110803444,0.6871914891965561,5,14461.158332410332,100.0
calendar_59,calendar,1,3.286983002253102,0.720594597746899,5,14360.949006759305,100.0
calendar_56,calendar,2,3.3886392440298687,0.6189383559701298,5,24004.598118602626,100.0
calendar_57,calendar,2,3.3619516330863766,0.6456259669136252,5,24232.61129849842,100.0
calendar_58,calendar,2,3.3996684646602633,0.6079091353397358,5,24160.16372639112,100.0
calendar_59,calendar,2,3.27096383756077,0.7366137624392306,5,23673.840519441615,100.0
calendar_56,calendar,3,3.283296212117447,0.7242813878825536,5,33354.48675495497,100.0
calendar_57,calendar,3,3.3870011750083164,0.6205764249916839,5,33893.61482352337,100.0
calendar_58,calendar,3,3.39182223405106,0.6157553659489383,5,33835.630428544304,100.0
calendar_59,calendar,3,3.3159774426026543,0.6916001573973461,5,33121.77284724958,100.0
calendar_60,calendar,1,3.384300771590523,0.6232768284094773,5,14652.902314771569,100.0
calendar_61,calendar,1,3.316510354207965,0.691067245792038,5,14449.531062623895,100.0
calendar_62,calendar,1,3.371793984071731,0.6357836159282684,5,14615.381952215193,100.0
calendar_63,calendar,1,3.2735528959864055,0.7340247040135931,5,14320.658687959216,100.0
calendar_60,calendar,2,3.3568911231419505,0.6506864768580529,5,24223.57568419742,100.0
calendar_61,calendar,2,3.3597614068106756,0.6478161931893235,5,24028.81528305592,100.0
calendar_62,calendar,2,3.3282380432922247,0.6793395567077751,5,24100.09608209187,100.0
calendar_63,calendar,2,3.389667351578595,0.6179102484214039,5,23989.660742695,100.0
calendar_60,calendar,3,3.3952616120820434,0.6123159879179558,5,33909.36052044355,100.0
calendar_61,calendar,3,3.402014343890564,0.6055632561094366,5,33734.85831472761,100.0
calendar_62,calendar,3,3.3261694969362767,0.6814081030637249,5,33578.6045729007,100.0
calendar_63,calendar,3,3.3882674218827646,0.6193101781172372,5,33654.46300834329,100.0
calendar_64,calendar,1,3.331140856897269,0.6764367431027304,5,14493.422570691808,100.0
calendar_65,calendar,1,3.3560785551812833,0.6514990448187178,5,14568.23566554385,100.0
calendar_66,calendar,1,3.2870509239488825,0.7205266760511165,5,14361.152771846648,100.0
calendar_67,calendar,1,3.2634220497788604,0.7441555502211407,5,14290.266149336581,100.0
calendar_64,calendar,2,3.2337677591151754,0.773809840884824,5,23694.725848037335,100.0
calendar_65,calendar,2,3.404429689462521,0.60314791053748,5,24281.524733931416,100.0
calendar_66,calendar,2,3.330931834469327,0.6766457655306745,5,23853.94827525463,100.0
calendar_67,calendar,2,3.393876695454575,0.613700904545423,5,23971.896235700304,100.0
calendar_64,calendar,3,3.343976684223465,0.6636009157765362,5,33226.65590070773,100.0
calendar_65,calendar,3,3.2718435286461456,0.7357340713538549,5,33597.055319869854,100.0
calendar_66,calendar,3,3.3487549881304917,0.6588226118695084,5,33400.2132396461,100.0
calendar_67,calendar,3,3.322825633303578,0.6847519666964225,5,33440.37313561104,100.0
calendar_68,calendar,1,3.3318206397535,0.6757569602464996,5,14495.4619192605,100.0
calendar_69,calendar,1,3.317371274792575,0.6902063252074265,5,14452.113824377724,100.0
calendar_70,calendar,1,3.288437467209846,0.7191401327901545,5,14365.312401629539,100.0
calendar_71,calendar,1,3.4160298958224007,0.5915477041775999,5,14748.089687467202,100.0
calendar_68,calendar,2,3.399647588908601,0.6079300110913988,5,24194.4046859863,100.0
calendar_69,calendar,2,3.3504799161201486,0.6570976838798516,5,24003.553572738172,100.0
calendar_70,calendar,2,3.2551587192210953,0.7524188807789046,5,23630.788559292825,100.0
calendar_71,calendar,2,3.384652496205636,0.6229251037943652,5,24402.04717608411,100.0
calendar_68,calendar,3,3.2635437769002364,0.7440338230997635,5,33485.03601668701,100.0
calendar_69,calendar,3,3.2772588233587236,0.7303187766412771,5,33335.33004281434,100.0
calendar_70,calendar,3,3.342520203680388,0.6650573963196142,5,33158.34917033399,100.0
calendar_71,calendar,3,3.324063993120165,0.6835136068798354,5,33874.23915544461,100.0
calendar_72,calendar,1,3.3055207839410805,0.7020568160589206,5,14416.562351823242,100.0
calendar_73,calendar,1,3.4008550162297637,0.6067225837702358,5,14702.565048689292,100.0
calendar_74,calendar,1,3.316046028210724,0.6915315717892753,5,14448.138084632172,100.0
calendar_75,calendar,1,3.3437595497578907,0.663818050242109,5,14531.278649273672,100.0
calendar_72,calendar,2,3.312778971051676,0.6947986289483253,5,23854.89926497827,100.0
calendar_73,calendar,2,3.3267016182220077,0.6808759817779917,5,24182.669903355316,100.0
calendar_74,calendar,2,3.326106757264563,0.6814708427354382,5,23926.45835642586,100.0
calendar_75,calendar,2,3.3956420729325982,0.6119355270674032,5,24218.204868071465,100.0
calendar_72,calendar,3,3.2696630271652514,0.737914572834748,5,33163.88834647402,100.0
calendar_73,calendar,3,3.243825785882774,0.7637518141172264,5,33414.147261003636,100.0
calendar_74,calendar,3,3.4037574158074317,0.6038201841925671,5,33637.730603848155,100.0
calendar_75,calendar,3,3.4468104750129003,0.5607671249870997,5,34058.63629311017,100.0
calendar_76,calendar,1,3.391354189154381,0.6162234108456189,5,14674.062567463143,100.0
calendar_77,calendar,1,3.295215429983875,0.712362170016126,5,14385.646289951625,100.0
calendar_78,calendar,1,3.3107579589699263,0.6968196410300743,5,14432.27387690978,100.0
calendar_79,calendar,1,3.2657601248419814,0.7418174751580188,5,14297.280374525944,100.0
calendar_76,calendar,2,3.269491384956377,0.7380862150436249,5,23982.536722332276,100.0
calendar_77,calendar,2,3.3816664526131075,0.6259111473868932,5,24030.645647790945,100.0
calendar_78,calendar,2,3.3520505838640773,0.6555270161359235,5,23988.42562850201,100.0
calendar_79,calendar,2,3.2767712661218393,0.7308063338781614,5,23627.594172891462,100.0
calendar_76,calendar,3,3.3766679703752653,0.6309096296247327,5,33612.54063345807,100.0
calendar_77,calendar,3,3.296558325328405,0.7110192746715943,5,33420.32062377616,100.0
calendar_78,calendar,3,3.4085697715729264,0.5990078284270727,5,33714.134943220786,100.0
calendar_79,calendar,3,3.3123689545141928,0.6952086454858085,5,33064.70103643404,100.0
threshold_80,threshold,1,3.5863221564375665,0.42125544356243505,8,14958.9664693127,100.0
threshold_81,threshold,1,3.5932093450043614,0.41436825499563923,7,15079.628035013084,100.0
threshold_82,threshold,1,3.5963510636131657,0.4112265363868353,7,15089.053190839497,100.0
threshold_83,threshold,1,3.610586274415617,0.3969913255843837,7,15131.758823246852,100.0
threshold_80,threshold,2,3.5879677980482017,0.41960980195179837,8,24922.869863457305,100.0
threshold_81,threshold,2,3.5837201920736157,0.42385740792638515,8,25030.788611233933,100.0
threshold_82,threshold,2,3.593484401385784,0.41409319861421673,7,25169.506394996846,100.0
threshold_83,threshold,2,3.57516370208081,0.4324138979191918,8,25057.24992948928,100.0
threshold_80,threshold,3,3.6088641153034526,0.3987134846965493,7,35049.46220936766,100.0
threshold_81,threshold,3,3.601016243629847,0.40656135637015456,7,35133.83734212347,100.0
threshold_82,threshold,3,3.593930938088343,0.41364666191165717,7,35251.29920926187,100.0
threshold_83,threshold,3,3.588754816139029,0.41882278386097166,8,35023.514377906366,100.0
threshold_84,threshold,1,3.5970792403482785,0.4104983596517229,7,15091.237721044836,100.0
threshold_85,threshold,1,3.5942456819303015,0.41333191806969705,8,14982.737045790904,100.0
threshold_86,threshold,1,3.56893722481221,0.4386403751877904,9,14806.81167443663,100.0
threshold_87,threshold,1,3.5848908339345145,0.4226867660654863,8,14954.672501803543,100.0
threshold_84,threshold,2,3.567787092072851,0.4397905079271487,7,25094.59899726339,100.0
threshold_85,threshold,2,3.5954516415037165,0.41212595849628375,8,24969.091970302055,100.0
threshold_86,threshold,2,3.5793666150174177,0.42821098498258325,8,24744.911519488884,100.0
threshold_87,threshold,2,3.585149140633449,0.4224284593665527,8,24910.11992370389,100.0
threshold_84,threshold,3,3.5889357975404494,0.41864180245955085,7,35161.40638988474,100.0
threshold_85,threshold,3,3.589666617773336,0.4179109822266649,8,34938.09182362206,100.0
threshold_86,threshold,3,3.5823018479244206,0.42527575207557994,8,34691.81706326215,100.0
threshold_87,threshold,3,3.5833845412007164,0.4241930587992836,8,34860.27354730604,100.0
threshold_88,threshold,1,3.5973987544180575,0.4101788455819431,8,14992.196263254173,100.0
threshold_89,threshold,1,3.572828307483517,0.43474929251648425,9,14818.484922450552,100.0
threshold_90,threshold,1,3.5846779105842312,0.42289968941576944,7,15054.033731752694,100.0
threshold_91,threshold,1,3.5863092468314703,0.42126835316852984,8,14958.927740494411,100.0
threshold_88,threshold,2,3.5774459672761316,0.4301316327238699,8,24924.534165082565,100.0
threshold_89,threshold,2,3.581814012121759,0.4257635878782417,8,24763.926958815828,100.0
threshold_90,threshold,2,3.5698574047639586,0.43772019523604194,8,24963.60594604457,100.0
threshold_91,threshold,2,3.587300627747944,0.4202769722520568,8,24920.829623738242,100.0
threshold_88,threshold,3,3.5939839537533187,0.4135936462466831,7,35006.48602634252,100.0
threshold_89,threshold,3,3.5949115835146164,0.4126660164853839,7,34848.66170935967,100.0
threshold_90,threshold,3,3.5800489955170787,0.42752860448292157,8,34903.7529325958,100.0
threshold_91,threshold,3,3.5905013967108808,0.41707620328912137,7,34992.333813870886,100.0
threshold_92,threshold,1,3.579746100857873,0.42783149914212704,8,14939.238302573618,100.0
threshold_93,threshold,1,3.5915527645661003,0.4160248354339,8,14974.658293698301,100.0
threshold_94,threshold,1,3.5796576553379924,0.42791994466200906,8,14938.972966013976,100.0
threshold_95,threshold,1,3.5785162301405915,0.4290613698594091,8,14935.548690421774,100.0
threshold_92,threshold,2,3.5793392579977805,0.42823834200222016,8,24877.256076566962,100.0
threshold_93,threshold,2,3.601904628712456,0.4056729712875444,8,24980.37217983567,100.0
threshold_94,threshold,2,3.5712848044500993,0.4362927955499008,8,24852.827379364273,100.0
threshold_95,threshold,2,3.5782894426372764,0.42928815736272463,7,24970.417018333603,100.0
threshold_92,threshold,3,3.5849829878079267,0.42259461219207395,8,34832.205039990746,100.0
threshold_93,threshold,3,3.5828136974414306,0.42476390255856966,8,34928.81327215996,100.0
threshold_94,threshold,3,3.5922426315878346,0.41533496841216616,8,34829.55527412778,100.0
threshold_95,threshold,3,3.579479089565204,0.4280985104347961,7,35008.854287029215,100.0
threshold_96,threshold,1,3.5959532190344357,0.4116243809655644,8,14987.859657103307,100.0
threshold_97,threshold,1,3.5914684849211875,0.41610911507881343,7,15074.405454763562,100.0
threshold_98,threshold,1,3.586797828834586,0.42077977116541415,8,14960.393486503759,100.0
threshold_99,threshold,1,3.578256395160809,0.4293212048391913,8,14934.769185482428,100.0
threshold_96,threshold,2,3.581292090596749,0.42628550940325083,8,24931.735928893555,100.0
threshold_97,threshold,2,3.5826231536568187,0.4249544463431825,8,25022.27491573402,100.0
threshold_98,threshold,2,3.5898823106009905,0.4176952893990102,8,24930.04041830673,100.0
threshold_99,threshold,2,3.5843729070274373,0.42320469297256247,8,24887.88790656474,100.0
threshold_96,threshold,3,3.598429903916228,0.4091476960837733,8,34927.02564064224,100.0
threshold_97,threshold,3,3.581907768701343,0.425669831298658,8,34967.99822183805,100.0
threshold_98,threshold,3,3.582256229437786,0.4253213705622151,8,34876.80910662009,100.0
threshold_99,threshold,3,3.5879586370575813,0.4196189629424197,8,34851.76381773748,100.0
threshold_100,threshold,1,3.576314976326573,0.43126262367342805,9,14828.94492897972,100.0
threshold_101,threshold,1,3.5874461319930853,0.42013146800691575,8,14962.338395979255,100.0
threshold_102,threshold,1,3.604414676639253,0.40316292336074844,8,15013.244029917758,100.0
threshold_103,threshold,1,3.6022791892889092,0.4052984107110915,7,15106.837567866727,100.0
threshold_100,threshold,2,3.5858311662121207,0.4217464337878807,8,24786.43842761608,100.0
threshold_101,threshold,2,3.5882388495694153,0.41933875043058544,7,25027.0549446875,100.0
threshold_102,threshold,2,3.586412058164979,0.4211655418350209,7,25072.480204412695,100.0
threshold_103,threshold,2,3.5803360679285916,0.42724153207140797,8,25047.8457716525,100.0
threshold_100,threshold,3,3.589839771412354,0.4177378285876467,9,34655.95774185314,100.0
threshold_101,threshold,3,3.5896039341417225,0.4179736658582784,8,34995.86674711267,100.0
threshold_102,threshold,3,3.6025362533753538,0.4050413466246465,8,35080.08896453876,100.0
threshold_103,threshold,3,3.5927817271771483,0.4147958728228517,8,35026.19095318395,100.0
threshold_104,threshold,1,3.5680797525985795,0.43949784740142217,9,14804.239257795738,100.0
threshold_105,threshold,1,3.572300263237979,0.435277336762022,8,14916.900789713936,100.0
threshold_106,threshold,1,3.581500897797697,0.4260767022023031,8,14944.502693393091,100.0
threshold_107,threshold,1,3.5917248102364754,0.4158527897635257,8,14975.174430709427,100.0
threshold_104,threshold,2,3.590992084739159,0.41658551526084225,7,24877.215512013216,100.0
threshold_105,threshold,2,3.5989630911764205,0.4086145088235805,7,25013.7900632432,100.0
threshold_106,threshold,2,3.610912853724445,0.3966647462755563,8,24977.241254566427,100.0
threshold_107,threshold,2,3.5883583744206358,0.419219225579365,9,24840.249553971335,100.0
threshold_104,threshold,3,3.580687505214006,0.4268900947859939,7,34919.27802765524,100.0
threshold_105,threshold,3,3.584065399468039,0.42351220053196226,9,34865.98626164732,100.0
threshold_106,threshold,3,3.5777913469160048,0.4297862530839964,9,34810.61529531444,100.0
threshold_107,threshold,3,3.564389511380781,0.4431880886192201,9,34633.41808811368,100.0
threshold_108,threshold,1,3.579324896135597,0.4282527038644034,7,15037.974688406792,100.0
threshold_109,threshold,1,3.582036141507388,0.4255414584926123,8,14946.108424522165,100.0
threshold_110,threshold,1,3.5697177882283473,0.4378598117716539,7,15009.153364685042,100.0
threshold_111,threshold,1,3.5779999950682346,0.42957760493176667,8,14933.999985204704,100.0
threshold_108,threshold,2,3.5820382392471477,0.4255393607528526,9,24884.089406148232,100.0
threshold_109,threshold,2,3.6088719448020505,0.39870565519795037,7,25072.724258928316,100.0
threshold_110,threshold,2,3.5862168547881565,0.4213607452118439,7,25067.803929049514,100.0
threshold_111,threshold,2,3.604309088953146,0.40326851104685474,7,25046.927252064143,100.0
threshold_108,threshold,3,3.583752623865123,0.42382497613487763,8,34835.3472777436,100.0
threshold_109,threshold,3,3.570237861434478,0.437339738565523,9,34883.437843231746,100.0
threshold_110,threshold,3,3.587442695178725,0.4201349048212761,8,35030.13201458569,100.0
threshold_111,threshold,3,3.568127511371084,0.4394500886289165,8,34951.30978617739,100.0
threshold_112,threshold,1,3.5639237462053526,0.4436538537946477,8,14891.771238616058,100.0
threshold_113,threshold,1,3.5933334428069457,0.41424415719305474,8,14980.000328420838,100.0
threshold_114,threshold,1,3.5784844096474906,0.4290931903525101,8,14935.453228942471,100.0
threshold_115,threshold,1,3.583672121271659,0.42390547872834256,8,14951.016363814977,100.0
threshold_112,threshold,2,3.5808097566944554,0.4267678433055442,8,24834.200508699425,100.0
threshold_113,threshold,2,3.5869188705781254,0.4206587294218766,8,24940.756940155214,100.0
threshold_114,threshold,2,3.5849271075120677,0.42265049248793346,8,24890.234551478672,100.0
threshold_115,threshold,2,3.5749311619801096,0.43264643801989006,8,24875.809849755307,100.0
threshold_112,threshold,3,3.5672323913440445,0.4403452086559567,9,34635.89768273156,100.0
threshold_113,threshold,3,3.5875888733809087,0.4199887266190932,8,34903.52356029794,100.0
threshold_114,threshold,3,3.594574077267404,0.41300352273259505,8,34873.95678328088,100.0
threshold_115,threshold,3,3.600102400349071,0.40747519965093026,8,34876.117050802524,100.0
threshold_116,threshold,1,3.6040919457022307,0.4034856542977704,7,15112.275837106692,100.0
threshold_117,threshold,1,3.573622899888502,0.4339547001114973,8,14920.868699665505,100.0
threshold_118,threshold,1,3.605134961850691,0.40244263814931047,7,15115.404885552074,100.0
threshold_119,threshold,1,3.5823533313135845,0.4252242686864163,8,14947.059993940753,100.0
threshold_116,threshold,2,3.5904249335008225,0.41715266649917904,7,25183.550637609158,100.0
threshold_117,threshold,2,3.5833478747416945,0.4242297252583074,8,24870.91232389059,100.0
threshold_118,threshold,2,3.565715826751882,0.4418617732481186,9,24912.55236580772,100.0
threshold_119,threshold,2,3.5793615812887625,0.4282160187112388,9,24785.14473780704,100.0
threshold_116,threshold,3,3.5829030167524714,0.4246745832475299,8,35132.25968786657,100.0
threshold_117,threshold,3,3.59026936222397,0.4173082377760302,7,34941.7204105625,100.0
threshold_118,threshold,3,3.591430034430554,0.4161475655694477,7,34986.842469099385,100.0
threshold_119,threshold,3,3.596121439143526,0.41145616085647546,8,34773.50905523762,100.0
