run_id,strategy,efficacy,increment,season,grain_tha,pest_loss_tha,spray_count,end_money
none_1,none,0.8,0.03,1,2.237315714886813,1.770261885113188,0,11711.94714466044
none_0,none,0.8,0.03,1,2.201185610390169,1.8063919896098322,0,11603.556831170506
none_3,none,0.8,0.03,1,2.197150465113621,1.8104271348863799,0,11591.451395340864
none_2,none,0.8,0.03,1,2.1719813195124313,1.8355962804875696,0,11515.943958537293
none_1,none,0.8,0.03,2,2.1711980009705933,1.8363795990294083,0,18225.54114757222
none_0,none,0.8,0.03,2,2.2160611352626924,1.791516464737308,0,18251.740236958583
none_3,none,0.8,0.03,2,2.2615979624006033,1.7459796375993974,0,18376.245282542674
none_2,none,0.8,0.03,2,2.215115461809473,1.7924621381905284,0,18161.29034396571
none_1,none,0.8,0.03,3,2.1717138903288253,1.8358637096711763,0,24740.682818558696
none_0,none,0.8,0.03,3,2.2131978052764345,1.794379794723566,0,24891.333652787886
none_3,none,0.8,0.03,3,2.1507662199706252,1.8568113800293764,0,24828.543942454548
none_2,none,0.8,0.03,3,2.2158509546284297,1.7917266453715712,0,24808.843207850998
none_7,none,0.8,0.03,1,2.180072337678048,1.8275052623219525,0,11540.217013034144
none_6,none,0.8,0.03,1,2.1750379317397694,1.8325396682602317,0,11525.11379521931
none_5,none,0.8,0.03,1,2.2598705218866524,1.7477070781133486,0,11779.611565659958
none_4,none,0.8,0.03,1,2.1897085746197873,1.8178690253802137,0,11569.12572385936
none_7,none,0.8,0.03,2,2.244046807589694,1.7635307924103065,0,18272.357435803227
none_6,none,0.8,0.03,2,2.2312163552353153,1.7763612447646853,0,18218.762860925257
none_5,none,0.8,0.03,2,2.2014948282792246,1.8060827717207764,0,18384.096050497632
none_4,none,0.8,0.03,2,2.194554241331035,1.8130233586689664,0,18152.788447852465
none_7,none,0.8,0.03,3,2.1671350949739066,1.8404425050260944,0,24773.762720724946
none_6,none,0.8,0.03,3,2.152228296057462,1.855349303942539,0,24675.447749097642
none_5,none,0.8,0.03,3,2.182268654292724,1.8253089457072773,0,24930.902013375802
none_4,none,0.8,0.03,3,2.1876206038419044,1.8199569961580964,0,24715.650259378177
none_11,none,0.8,0.03,1,2.2137012867928045,1.7938763132071964,0,11641.103860378415
none_10,none,0.8,0.03,1,2.1507662199706252,1.8568113800293764,0,11452.298659911876
none_9,none,0.8,0.03,1,2.2069521395916065,1.8006254604083942,0,11620.85641877482
none_8,none,0.8,0.03,1,2.286469430656094,1.7211081693439065,0,11859.408291968282
none_11,none,0.8,0.03,2,2.178319322344715,1.829258277655286,0,18176.06182741256
none_10,none,0.8,0.03,2,2.1843218909542865,1.8232557090457144,0,18005.264332774736
none_9,none,0.8,0.03,2,2.199560692037085,1.808016907962916,0,18219.538494886074
none_8,none,0.8,0.03,2,2.1911637815924796,1.816413818407522,0,18432.899636745722
none_11,none,0.8,0.03,3,2.1897923080273256,1.8177852919726756,0,24745.438751494534
none_10,none,0.8,0.03,3,2.1636662634910038,1.8439113365089979,0,24496.263123247747
none_9,none,0.8,0.03,3,2.197383050538884,1.8101945494611167,0,24811.687646502727
none_8,none,0.8,0.03,3,2.2365996225987614,1.7709779774012393,0,25142.698504542008
none_14,none,0.8,0.03,1,2.2360730563274642,1.7715045436725363,0,11708.219168982392
none_13,none,0.8,0.03,1,2.2658117244680653,1.7417658755319354,0,11797.435173404196
none_12,none,0.8,0.03,1,2.168856074589348,1.838721525410653,0,11506.568223768045
none_14,none,0.8,0.03,2,2.268847000318418,1.7387305996815827,0,18514.760169937646
none_13,none,0.8,0.03,2,2.1971009814878957,1.8104766185121057,0,18388.738117867884
none_12,none,0.8,0.03,2,2.2517562881317903,1.7558213118682104,0,18261.837088163415
none_14,none,0.8,0.03,3,2.1718950577524314,1.83568254224757,0,25030.44534319494
none_13,none,0.8,0.03,3,2.1747331316382716,1.8328444683617295,0,24912.9375127827
none_12,none,0.8,0.03,3,2.177347832140149,1.830229767859852,0,24793.88058458386
calendar_15,calendar,0.8,0.03,1,3.088014775382745,0.9195628246172565,5,13764.044326148234
calendar_17,calendar,0.8,0.03,1,2.9412652239256314,1.0663123760743678,5,13323.795671776894
calendar_16,calendar,0.8,0.03,1,3.1172989971622598,0.8902786028377392,5,13851.89699148678
calendar_18,calendar,0.8,0.03,1,3.016953877757816,0.9906237222421848,5,13550.86163327345
calendar_15,calendar,0.8,0.03,2,2.91599615844919,1.0915814415508092,5,22012.032801495807
calendar_17,calendar,0.8,0.03,2,3.018286848856827,0.989290751143173,5,21878.656218347372
calendar_16,calendar,0.8,0.03,2,3.0805992600390453,0.9269783399609542,5,22593.694771603914
calendar_18,calendar,0.8,0.03,2,3.1229024141915285,0.8846751858084726,5,22419.568875848032
calendar_15,calendar,0.8,0.03,3,2.9420256690328457,1.065551930967155,5,30338.109808594345
calendar_17,calendar,0.8,0.03,3,3.089244684184633,0.918332915815368,5,30646.39027090127
calendar_16,calendar,0.8,0.03,3,2.9097653965722095,1.0978122034277902,5,30822.990961320542
calendar_18,calendar,0.8,0.03,3,2.9195158072579432,1.0880617927420582,5,30678.116297621862
calendar_22,calendar,0.8,0.03,1,3.1183546372734092,0.8892229627265908,5,13855.063911820227
calendar_19,calendar,0.8,0.03,1,2.9360876947409613,1.071489905259037,5,13308.263084222885
calendar_21,calendar,0.8,0.03,1,2.9309684223972123,1.0766091776027873,5,13292.905267191638
calendar_20,calendar,0.8,0.03,1,3.1138862893381516,0.8936913106618479,5,13841.658868014454
calendar_22,calendar,0.8,0.03,2,2.9281689781651363,1.0794086218348622,5,22139.570846315633
calendar_19,calendar,0.8,0.03,2,3.0089275174424155,0.9986500825575845,5,21835.04563655013
calendar_21,calendar,0.8,0.03,2,3.0445918671713987,0.9629857328286014,5,21926.680868705836
calendar_20,calendar,0.8,0.03,2,2.994615562476562,1.012962037523439,5,22325.50555544414
calendar_22,calendar,0.8,0.03,3,3.0077503613488057,0.9998272386511936,5,30662.82193036205
calendar_19,calendar,0.8,0.03,3,2.996712330829593,1.010865269170407,5,30325.182629038907
calendar_21,calendar,0.8,0.03,3,3.133771217119153,0.8738063828808453,5,30827.994520063294
calendar_20,calendar,0.8,0.03,3,3.0033077685659366,1.0042698314340615,5,30835.428861141947
calendar_26,calendar,0.8,0.03,1,2.9326418204377562,1.074935779562245,5,13297.925461313269
calendar_23,calendar,0.8,0.03,1,2.962193282908586,1.0453843170914139,5,13386.579848725758
calendar_25,calendar,0.8,0.03,1,3.1093371007571404,0.8982404992428593,5,13828.011302271421
calendar_24,calendar,0.8,0.03,1,2.8841748070766227,1.1234027929233772,5,13152.524421229868
calendar_26,calendar,0.8,0.03,2,2.9309565903645165,1.076621009635483,5,21590.795232406817
calendar_23,calendar,0.8,0.03,2,2.951830754751382,1.055746845248619,5,21742.072112979906
calendar_25,calendar,0.8,0.03,2,3.1494922591837264,0.8580853408162724,5,22776.4880798226
calendar_24,calendar,0.8,0.03,2,2.8531948128195586,1.1543827871804413,5,21212.108859688546
calendar_26,calendar,0.8,0.03,3,3.1537922212760914,0.8537853787239085,5,30552.171896235093
calendar_23,calendar,0.8,0.03,3,3.1347874899079113,0.8727901100920891,5,30646.434582703638
calendar_25,calendar,0.8,0.03,3,3.0699243470453252,0.9376532529546752,5,31486.261120958574
calendar_24,calendar,0.8,0.03,3,3.081642961371071,0.9259346386289287,5,29957.03774380176
calendar_27,calendar,0.8,0.03,1,3.037219904383724,0.9703576956162745,5,13611.659713151172
calendar_29,calendar,0.8,0.03,1,3.0575751531532642,0.9500024468467365,5,13672.725459459793
calendar_28,calendar,0.8,0.03,1,3.028460486037177,0.9791171139628229,5,13585.381458111531
calendar_27,calendar,0.8,0.03,2,3.022548290759987,0.9850293092400128,5,22179.304585431135
calendar_29,calendar,0.8,0.03,2,2.999451555322618,1.0081260446773808,5,22171.080125427645
calendar_28,calendar,0.8,0.03,2,2.9780568843222985,1.0295207156777013,5,22019.552111078425
calendar_27,calendar,0.8,0.03,3,3.139126476883945,0.8684511231160554,5,31096.684016082967
calendar_29,calendar,0.8,0.03,3,2.9778746194432006,1.0297029805567985,5,30604.703983757245
calendar_28,calendar,0.8,0.03,3,3.0350712882471065,0.9725063117528943,5,30624.765975819744
threshold_31,threshold,0.8,0.03,1,3.396499282380127,0.6110783176198725,7,14489.497847140381
threshold_30,threshold,0.8,0.03,1,3.4110737992647815,0.5965038007352198,7,14533.221397794345
threshold_33,threshold,0.8,0.03,1,3.3970579030487147,0.6105196969512857,8,14391.173709146144
threshold_32,threshold,0.8,0.03,1,3.383570189564651,0.6240074104353507,8,14350.710568693952
threshold_31,threshold,0.8,0.03,2,3.3888446696693393,0.6187329303306618,8,23856.0318561484
threshold_30,threshold,0.8,0.03,2,3.3996373734867884,0.6079402265132123,8,23932.13351825471
threshold_33,threshold,0.8,0.03,2,3.362372405562672,0.6452051944373284,9,23578.29092583416
threshold_32,threshold,0.8,0.03,2,3.4173091975440473,0.5902684024559534,7,23902.638161326096
threshold_31,threshold,0.8,0.03,3,3.3887431381874484,0.6188344618125529,8,33222.26127071075
threshold_30,threshold,0.8,0.03,3,3.37106827001461,0.6365093299853912,8,33245.338328298545
threshold_33,threshold,0.8,0.03,3,3.3927247818027575,0.6148528181972434,8,32956.46527124243
threshold_32,threshold,0.8,0.03,3,3.374683536085748,0.6328940639142536,7,33326.68876958334
threshold_35,threshold,0.8,0.03,1,3.3810656275350444,0.6265119724649558,9,14243.196882605132
threshold_34,threshold,0.8,0.03,1,3.410705178419568,0.5968724215804311,7,14532.115535258705
threshold_37,threshold,0.8,0.03,1,3.399062201793159,0.6085153982068424,8,14397.186605379477
threshold_36,threshold,0.8,0.03,1,3.3989301191819155,0.6086474808180858,7,14496.790357545746
threshold_35,threshold,0.8,0.03,2,3.38092462649169,0.6266529735083117,8,23585.9707620802
threshold_34,threshold,0.8,0.03,2,3.391729826423491,0.61584777357651,8,23907.305014529178
threshold_37,threshold,0.8,0.03,2,3.3987991294772604,0.60877847052274,8,23793.58399381126
threshold_36,threshold,0.8,0.03,2,3.373258799990162,0.634318800009839,8,23816.56675751623
threshold_35,threshold,0.8,0.03,3,3.3909817354138556,0.6165958645861447,8,32958.915968321766
threshold_34,threshold,0.8,0.03,3,3.370438072595286,0.6371395274047137,9,33118.61923231503
threshold_37,threshold,0.8,0.03,3,3.38270248668091,0.6248751133190903,8,33141.691453853986
threshold_36,threshold,0.8,0.03,3,3.390218818363058,0.6173587816369428,8,33187.2232126054
threshold_39,threshold,0.8,0.03,1,3.3983102208565086,0.6092673791434916,8,14394.930662569526
threshold_38,threshold,0.8,0.03,1,3.380811307063928,0.6267662929360723,8,14342.433921191785
threshold_41,threshold,0.8,0.03,1,3.372062951719938,0.6355146482800632,8,14316.188855159815
threshold_40,threshold,0.8,0.03,1,3.4036903259431246,0.6038872740568768,8,14411.070977829373
threshold_39,threshold,0.8,0.03,2,3.376853987712755,0.6307236122872452,8,23725.49262570779
threshold_38,threshold,0.8,0.03,2,3.380119306065098,0.6274582939349022,8,23682.79183938708
threshold_41,threshold,0.8,0.03,2,3.4152630324463598,0.5923145675536395,7,23861.97795249889
threshold_40,threshold,0.8,0.03,2,3.390892307924366,0.6166852920756353,8,23783.747901602474
threshold_39,threshold,0.8,0.03,3,3.3989249356963485,0.6086526643036523,8,33122.267432796834
threshold_38,threshold,0.8,0.03,3,3.3815990795442232,0.6259785204557784,8,33027.58907801975
threshold_41,threshold,0.8,0.03,3,3.3837135632799304,0.62386403672007,8,33213.11864233868
threshold_40,threshold,0.8,0.03,3,3.3818405809262915,0.625737019073709,8,33129.26964438135
threshold_43,threshold,0.8,0.03,1,3.410823933576338,0.5967536664236638,8,14432.471800729014
threshold_42,threshold,0.8,0.03,1,3.398770339889414,0.6088072601105874,7,14496.311019668241
threshold_44,threshold,0.8,0.03,1,3.394936132072187,0.6126414679278147,8,14384.80839621656
threshold_43,threshold,0.8,0.03,2,3.3710111430898015,0.6365664569101993,8,23745.505229998416
threshold_42,threshold,0.8,0.03,2,3.3850061362027226,0.6225714637972782,8,23851.32942827641
threshold_44,threshold,0.8,0.03,2,3.3939780638391257,0.6135995361608757,7,23866.742587733937
threshold_43,threshold,0.8,0.03,3,3.3852818697596776,0.6222957302403235,8,33101.35083927745
threshold_42,threshold,0.8,0.03,3,3.4078590315572734,0.5997185684427275,8,33274.90652294823
threshold_44,threshold,0.8,0.03,3,3.3894463541060524,0.618131245893948,8,33235.081650052096
