none_0,none,1,2.1717138903288253,1.8358637096711763,0,11515.141670986475
none_3,none,1,2.1937833294747056,1.8137942705252956,0,11581.349988424117
none_1,none,1,2.157770182121207,1.8498074178787947,0,11473.31054636362
none_2,none,1,2.1637135383549055,1.8438640616450956,0,11491.140615064716
none_0,none,2,2.160131132823325,1.8474464671766762,0,17995.53506945645
none_3,none,2,2.1582506825863126,1.849326917413689,0,18056.102036183056
none_1,none,2,2.226759181856076,1.780818418143925,0,18153.588091931848
none_2,none,2,2.1791983529445127,1.8283792470554887,0,18028.735673898256
none_0,none,3,2.186634378366143,1.8209432216338581,0,24555.43820455488
none_3,none,3,2.2075015597153156,1.8000760402846856,0,24678.606715329002
none_1,none,3,2.1911706507066246,1.8164069492933763,0,24727.100044051724
none_2,none,3,2.2197416521885267,1.7878359478114743,0,24687.960630463836
none_7,none,1,2.2152710392148847,1.792306560785116,0,11645.813117644655
none_5,none,1,2.1946594195579414,1.8129181804420598,0,11583.978258673824
none_6,none,1,2.251406184310667,1.7561714156893338,0,11754.218552932001
none_4,none,1,2.204450745149526,1.803126854850475,0,11613.35223544858
none_7,none,2,2.152228296057462,1.855349303942539,0,18102.49800581704
none_5,none,2,2.1963765850354076,1.8112010149645934,0,18173.108013780045
none_6,none,2,2.1898839480558143,1.8176936519441866,0,18323.870397099447
none_4,none,2,2.2441536998761884,1.7634239001238121,0,18345.813335077146
none_7,none,3,2.196705667656224,1.8108719323437772,0,24692.615008785713
none_5,none,3,2.238913274078538,1.7686643259214625,0,24889.84783601566
none_6,none,3,2.179290408692092,1.8282871913079093,0,24861.741623175723
none_4,none,3,2.186712744992849,1.8208648550071522,0,24905.951570055695
none_11,none,1,2.20625174793253,1.8013258520674709,0,11618.75524379759
none_9,none,1,2.2121952346783913,1.7953823653216099,0,11636.585704035173
none_10,none,1,2.189927826675993,1.817649773324008,0,11569.783480027978
none_8,none,1,2.1938274529335353,1.813750147066466,0,11581.482358800606
none_11,none,2,2.2570176459838818,1.7505599540161187,0,18389.808181749235
none_9,none,2,2.2557158268551945,1.7518617731448063,0,18403.73318460076
none_10,none,2,2.188110193433764,1.8194674065662373,0,18134.11406032927
none_8,none,2,2.2039786384794238,1.803598961520577,0,18193.418274238877
none_11,none,3,2.1507662199706252,1.8568113800293764,0,24842.10684166111
none_9,none,3,2.2061019336531738,1.8014756663468277,0,25022.03898556028
none_10,none,3,2.1924575584870545,1.8151200415129463,0,24711.486735790433
none_8,none,3,2.193590619926996,1.8139869800730055,0,24774.190134019864
none_13,none,1,2.1582506825863126,1.849326917413689,0,11474.752047758939
none_14,none,1,2.168668848514008,1.8389087514859932,0,11506.006545542024
none_12,none,1,2.1731759664156622,1.8344016335843387,0,11519.527899246987
none_13,none,2,2.239870620357688,1.7677069796423128,0,18194.363908832005
none_14,none,2,2.1582506825863126,1.849326917413689,0,17980.75859330096
none_12,none,2,2.1507662199706252,1.8568113800293764,0,17971.826559158864
none_13,none,3,2.1619514436318457,1.8456261563681557,0,24680.218239727543
none_14,none,3,2.169435906247533,1.8381416937524682,0,24489.06631204356
none_12,none,3,2.1778974562675217,1.8296801437324797,0,24505.518927961428
calendar_15,calendar,1,3.0576366698546464,0.9499409301453552,5,13422.910009563939
calendar_16,calendar,1,2.9638878405073354,1.0436897594926635,5,13141.663521522007
calendar_17,calendar,1,3.0853463773357626,0.9222312226642381,5,13506.039132007289
calendar_18,calendar,1,2.9377203828060234,1.069857217193978,5,13063.16114841807
calendar_15,calendar,2,3.03255096087316,0.9750266391268401,5,21770.562892183418
calendar_16,calendar,2,2.9056317226236246,1.1019458773763742,5,21108.55868939288
calendar_17,calendar,2,2.9198058534512974,1.0877717465487025,5,21515.45669236118
calendar_18,calendar,2,3.1205117046191213,0.8870658953808777,5,21674.696262275436
calendar_15,calendar,3,3.121958200851438,0.8856193991485628,5,30386.43749473773
calendar_16,calendar,3,3.085998595919077,0.9215790040809235,5,29616.554477150115
calendar_17,calendar,3,3.0131355036762257,0.9944420963237746,5,29804.863203389854
calendar_18,calendar,3,2.9842160855124633,1.023361514487537,5,29877.344518812824
calendar_21,calendar,1,3.0117578691192337,0.9958197308807653,5,13285.273607357702
calendar_22,calendar,1,2.939057672297845,1.0685199277021546,5,13067.173016893536
calendar_19,calendar,1,2.990869853914802,1.0167077460851985,5,13222.609561744406
calendar_20,calendar,1,3.0842935966656433,0.923284003334358,5,13502.88078999693
calendar_21,calendar,2,2.9334542969633195,1.07412330303668,5,21335.63649824766
calendar_22,calendar,2,2.989738131580655,1.0178394684193446,5,21286.3874116355
calendar_19,calendar,2,3.024258436467311,0.9833191635326891,5,21545.384871146336
calendar_20,calendar,2,3.0767655909241434,0.9308120090758581,5,21983.17756276936
calendar_21,calendar,3,3.0200759712699354,0.9875016287300646,5,29645.864412057465
calendar_22,calendar,3,3.0364157945455275,0.9711618054544714,5,29645.634795272083
calendar_19,calendar,3,2.990121755129743,1.0174558448702573,5,29765.750136535564
calendar_20,calendar,3,2.975053083157008,1.0325245168429913,5,30158.336812240384
calendar_25,calendar,1,2.9961574775536226,1.0114201224463772,5,13238.472432660868
calendar_26,calendar,1,2.9180586481655495,1.0895189518344506,5,13004.175944496648
calendar_23,calendar,1,2.9862322563993424,1.0213453436006592,5,13208.696769198028
calendar_24,calendar,1,3.0220088115705694,0.9855687884294314,5,13316.026434711708
calendar_25,calendar,2,3.064885938877723,0.9426916611222761,5,21683.130249294038
calendar_26,calendar,2,2.971792334900049,1.0357852650999508,5,21169.552949196797
calendar_23,calendar,2,3.0287240850329034,0.9788535149670975,5,21544.86902429674
calendar_24,calendar,2,2.9973326424084354,1.0102449575915642,5,21558.024361937016
calendar_25,calendar,3,2.975211551972291,1.032366048027709,5,29858.764905210912
calendar_26,calendar,3,3.2405655935601447,0.767012006439854,5,30141.249729877232
calendar_23,calendar,3,3.0978341842702806,0.9097434157297188,5,30088.37157710758
calendar_24,calendar,3,3.050814702595894,0.9567628974041053,5,29960.4684697247
calendar_29,calendar,1,2.947993198205152,1.0595844017948486,5,13093.979594615457
calendar_27,calendar,1,3.1074590426613224,0.9001185573386782,5,13572.377127983968
calendar_28,calendar,1,2.9675202563194127,1.0400573436805882,5,13152.560768958238
calendar_29,calendar,2,3.0194828192089815,0.9880947807910192,5,21402.4280522424
calendar_27,calendar,2,2.9970332542149545,1.0105443457850463,5,21813.47689062883
calendar_28,calendar,2,2.998956549024133,1.0086210509758662,5,21399.430416030635
calendar_29,calendar,3,2.9650680848154565,1.0425095151845456,5,29547.63230668877
calendar_27,calendar,3,3.1116875570574445,0.8958900429425558,5,30398.53956180116
calendar_28,calendar,3,3.0221696164374636,0.9854079835625368,5,29715.939265343026
threshold_31,threshold,1,3.3797279930938657,0.6278496069061352,8,13939.183979281597
threshold_32,threshold,1,3.3690546969300703,0.6385229030699312,8,13907.164090790211
threshold_30,threshold,1,3.4043571847478793,0.6032204152521229,8,14013.071554243637
threshold_33,threshold,1,3.381767410295199,0.6258101897048026,8,13945.302230885598
threshold_31,threshold,2,3.4066293190604755,0.6009482809395249,8,22959.071936463024
threshold_32,threshold,2,3.3961581384613897,0.6114194615386114,8,22895.63850617438
threshold_30,threshold,2,3.414714142565695,0.5928634574343057,8,23057.213981940724
threshold_33,threshold,2,3.410036100291042,0.597541499708959,7,23125.410531758724
threshold_31,threshold,3,3.401695809722007,0.6058817902779944,8,31964.159365629042
threshold_32,threshold,3,3.3844653061972516,0.6231122938027486,6,32149.034424766134
threshold_30,threshold,3,3.392146153318392,0.615431446681608,8,32033.6524418959
threshold_33,threshold,3,3.3782314652238923,0.6293461347761081,8,32060.104927430402
threshold_37,threshold,1,3.396785797349756,0.610791802650246,8,13990.357392049267
threshold_35,threshold,1,3.3974006938074583,0.6101769061925415,8,13992.202081422374
threshold_36,threshold,1,3.398261305954029,0.6093162940459732,8,13994.783917862087
threshold_34,threshold,1,3.384583474714395,0.6229941252856059,9,13803.750424143185
threshold_37,threshold,2,3.394774128456272,0.6128034715437294,8,22974.67977741808
threshold_35,threshold,2,3.39352328858576,0.6140543114142416,7,23122.77194717965
threshold_36,threshold,2,3.3756013581339936,0.6319762418660075,8,22921.587992264067
threshold_34,threshold,2,3.405433539471125,0.6021440605288751,8,22820.05104255656
threshold_37,threshold,3,3.3946772659033666,0.6129003340966337,7,32108.71157512818
threshold_35,threshold,3,3.395881941119295,0.6116956588807062,8,32110.417770537537
threshold_36,threshold,3,3.387095720073231,0.6204818799267711,8,31882.875152483757
threshold_34,threshold,3,3.4001062703471905,0.6074713296528117,8,31820.36985359813
threshold_41,threshold,1,3.418385058434131,0.58919254156587,8,14055.155175302394
threshold_39,threshold,1,3.381018791115489,0.6265588088845123,7,14093.056373346468
threshold_40,threshold,1,3.3948614949886258,0.6127161050113753,8,13984.584484965877
threshold_38,threshold,1,3.3869547595490745,0.6206228404509269,8,13960.864278647223
threshold_41,threshold,2,3.3635701827310056,0.6440074172689951,8,22945.86572349541
threshold_39,threshold,2,3.379054291686748,0.6285233083132525,8,23030.219248406713
threshold_40,threshold,2,3.367355792384391,0.6402218076156094,9,22736.651862119048
threshold_38,threshold,2,3.3813845578118067,0.6261930421881936,9,22755.017952082642
threshold_41,threshold,3,3.3576700276778566,0.6499075723221432,9,31668.87580652898
threshold_39,threshold,3,3.3937143385766206,0.6138632614233803,8,32011.362264136573
threshold_40,threshold,3,3.3836038783660882,0.6239737216339125,9,31537.463497217315
threshold_38,threshold,3,3.4065087025447474,0.6010688974552535,7,31924.544059716885
threshold_43,threshold,1,3.3993360179076606,0.6082415820923397,8,13998.008053722982
threshold_44,threshold,1,3.3992551526506727,0.6083224473493282,8,13997.765457952019
threshold_42,threshold,1,3.3899243719596646,0.6176532280403368,8,13969.773115878994
threshold_43,threshold,2,3.3741452116044885,0.633432388395512,9,22770.44368853645
threshold_44,threshold,2,3.3974168538982155,0.6101607461017851,8,22990.016019646664
threshold_42,threshold,2,3.4161450877623727,0.5914325122376293,8,23018.208379166113
threshold_43,threshold,3,3.399779963295908,0.6077976367040931,8,31769.783578424172
threshold_44,threshold,3,3.393713895696629,0.6138637043033727,8,31971.15770673655
threshold_42,threshold,3,3.381560194143706,0.626017405856295,9,31812.88896159723
none_1,none,1,2.2090048256885844,1.7985727743114168,0,11627.014477065753
none_0,none,1,2.207134126461069,1.8004434735389316,0,11621.402379383208
none_3,none,1,2.1986874719891727,1.8088901280108283,0,11596.062415967517
none_2,none,1,2.191568683811907,1.8160089161880943,0,11574.706051435722
none_1,none,2,2.1507662199706252,1.8568113800293764,0,18079.31313697763
none_0,none,2,2.2002914877186104,1.8072861122813906,0,18222.27684253904
none_3,none,2,2.1507662199706252,1.8568113800293764,0,18048.361075879395
none_2,none,2,2.1724895401596935,1.8350880598403074,0,18092.174671914803
none_1,none,3,2.1582506825863126,1.849326917413689,0,24554.06518473657
none_0,none,3,2.2323429861726876,1.7752346138273132,0,24919.3058010571
none_3,none,3,2.260052238522026,1.7475253614779747,0,24828.517791445473
none_2,none,3,2.165673018887069,1.841904581112932,0,24589.19372857601
none_7,none,1,2.2334137841841524,1.7741638158158484,0,11700.241352552457
none_6,none,1,2.1707965308006387,1.8367810691993627,0,11512.389592401916
none_5,none,1,2.2061327068238543,1.8014448931761464,0,11618.398120471564
none_4,none,1,2.1960275997979326,1.8115500002020684,0,11588.082799393798
none_7,none,2,2.25055804219993,1.757019557800071,0,18451.915479152245
none_6,none,2,2.165419278824337,1.8421583211756647,0,18008.647428874927
none_5,none,2,2.1637135383549055,1.8438640616450956,0,18109.53873553628
none_4,none,2,2.2201965312667142,1.7873810687332863,0,18248.67239319394
none_7,none,3,2.2338915618110065,1.7736860381889947,0,25153.590164585265
none_6,none,3,2.196430399555367,1.8111472004446345,0,24597.93862754103
none_5,none,3,2.1632478893408282,1.8443297106591732,0,24599.282403558766
none_4,none,3,2.221890429278713,1.7856871707212878,0,24914.34368103008
none_11,none,1,2.1761952077251085,1.8313823922748924,0,11528.585623175326
none_10,none,1,2.208918563928584,1.798659036071417,0,11626.755691785751
none_9,none,1,2.244551988886057,1.7630256111139435,0,11733.65596665817
none_8,none,1,2.1637135383549055,1.8438640616450956,0,11491.140615064716
none_11,none,2,2.1674933296955903,1.8400842703044111,0,18031.065612262097
none_10,none,2,2.199745380522726,1.8078322194772753,0,18225.991833353928
none_9,none,2,2.2007923467472765,1.8067852532527247,0,18336.0330069
none_8,none,2,2.197700582844966,1.8098770171550354,0,18084.242363599613
none_11,none,3,2.191255837340059,1.8163217626599422,0,24604.833124282275
none_10,none,3,2.1957546822218452,1.8118229177781557,0,24813.255880019464
none_9,none,3,2.2075820487243436,1.7999955512756578,0,24958.779153073032
none_8,none,3,2.241955765103471,1.7656218348965298,0,24810.109658910027
none_14,none,1,2.224516077669881,1.7830615223301198,0,11673.548233009644
none_13,none,1,2.244952232554757,1.762625367445244,0,11734.85669766427
none_12,none,1,2.2223029772352176,1.7852746227647829,0,11666.908931705653
none_14,none,2,2.1543013506383035,1.853276249361698,0,18136.452284924555
none_13,none,2,2.1994880728831587,1.8080895271168425,0,18333.320916313747
none_12,none,2,2.2166010428415577,1.7909765571584435,0,18316.712060230326
none_14,none,3,2.2046437958774177,1.802933804122583,0,24750.383672556807
none_13,none,3,2.2096560995955965,1.7979215004044045,0,24962.289215100536
none_12,none,3,2.1637135383549055,1.8438640616450956,0,24807.852675295042
calendar_15,calendar,1,2.798223639781869,1.2093539602181305,5,12894.670919345606
calendar_17,calendar,1,2.838632129897174,1.168945470102827,5,13015.896389691521
calendar_16,calendar,1,2.8393900446908873,1.1681875553091121,5,13018.170134072661
calendar_18,calendar,1,2.831807880764144,1.1757697192358567,5,12995.423642292431
calendar_15,calendar,2,2.6748065718326246,1.332771028167376,5,20419.09063484348
calendar_17,calendar,2,2.686358805481323,1.3212187945186764,5,20574.97280613549
calendar_16,calendar,2,2.6723108610188935,1.3352667389811061,5,20535.102717129343
calendar_18,calendar,2,2.6941508439963338,1.313426756003668,5,20577.87617428143
calendar_15,calendar,3,2.904910488444108,1.1026671115558926,5,28633.822100175807
calendar_17,calendar,3,2.9345588882071296,1.0730187117928702,5,28878.649470756878
calendar_16,calendar,3,2.842800297603323,1.1647773023966768,5,28563.50360993931
calendar_18,calendar,3,2.802006912079568,1.205570687920431,5,28483.896910520132
calendar_22,calendar,1,2.809835188838929,1.1977424111610715,5,12929.505566516787
calendar_19,calendar,1,2.7054042880733165,1.3021733119266847,5,12616.21286421995
calendar_21,calendar,1,2.6288787111584013,1.3786988888415979,5,12386.636133475204
calendar_20,calendar,1,2.7189498515326243,1.2886277484673758,5,12656.849554597873
calendar_22,calendar,2,2.82168915231028,1.1858884476897193,5,20894.57302344763
calendar_19,calendar,2,2.7864578138425378,1.2211197861574632,5,20475.586305747565
calendar_21,calendar,2,2.8659994304678156,1.141578169532183,5,20484.634424878648
calendar_20,calendar,2,2.8218490691249043,1.1857285308750964,5,20622.396761972588
calendar_22,calendar,3,2.753189628926192,1.2543879710738082,5,28654.141910226204
calendar_19,calendar,3,3.129544211444353,0.8780333885556465,5,29364.218940080624
calendar_21,calendar,3,2.7901135268922896,1.2174640731077113,5,28354.97500555552
calendar_20,calendar,3,2.885204073355494,1.122373526644505,5,28778.00898203907
calendar_26,calendar,1,2.727132133437372,1.280445466562628,5,12681.396400312115
calendar_23,calendar,1,2.7243928389101764,1.283184761089823,5,12673.178516730528
calendar_25,calendar,1,2.7335012513051247,1.274076348694876,5,12700.503753915375
calendar_24,calendar,1,2.827382527210226,1.1801950727897734,5,12982.14758163068
calendar_26,calendar,2,2.6918603606202596,1.3157172393797405,5,20256.977482172893
calendar_23,calendar,2,2.8606889265012208,1.1468886734987795,5,20755.245296234192
calendar_25,calendar,2,2.7187780978868337,1.2887995021131675,5,20356.838047575875
calendar_24,calendar,2,2.7373614982095535,1.2702161017904465,5,20694.232076259337
calendar_26,calendar,3,2.7895497835173217,1.2180278164826772,5,28125.626832724858
calendar_23,calendar,3,2.9100811676262426,1.0974964323737577,5,28985.48879911292
calendar_25,calendar,3,2.7259739327154056,1.2816036672845947,5,28034.759845722092
calendar_24,calendar,3,2.974848649045481,1.0327289509545208,5,29118.778023395782
calendar_27,calendar,1,2.7357027273586847,1.2718748726413158,5,12707.108182076054
calendar_29,calendar,1,2.95609566219176,1.051481937808241,5,13368.28698657528
calendar_28,calendar,1,2.833523092112659,1.1740545078873408,5,13000.569276337976
calendar_27,calendar,2,2.78834004997562,1.2192375500243806,5,20572.128332002914
calendar_29,calendar,2,2.837072261289912,1.1705053387100885,5,21379.503770445015
calendar_28,calendar,2,2.6538950666122982,1.3536825333877014,5,20462.254476174872
calendar_27,calendar,3,2.7186617456145847,1.2889158543854162,5,28228.113568846667
calendar_29,calendar,3,2.7367133137315034,1.270864286268497,5,29089.643711639525
calendar_28,calendar,3,2.7586163698387516,1.2489612301612476,5,28238.103585691126
threshold_31,threshold,1,3.3129781793551474,0.694599420644853,8,14138.934538065441
threshold_30,threshold,1,3.295121831276575,0.7124557687234251,9,13985.365493829726
threshold_33,threshold,1,3.3145558086283478,0.693021791371653,9,14043.667425885043
threshold_32,threshold,1,3.3241276152960175,0.6834499847039827,9,14072.382845888053
threshold_31,threshold,2,3.305900430953668,0.7016771690463328,9,23156.635830926447
threshold_30,threshold,2,3.3175764983178433,0.6900011016821589,9,23038.094988783254
threshold_33,threshold,2,3.321971609488855,0.6856059905111456,9,23109.582254351608
threshold_32,threshold,2,3.3363174999369347,0.6712601000630657,9,23181.335345698855
threshold_31,threshold,3,3.3195664953814528,0.6880111046185472,9,32215.335317070807
threshold_30,threshold,3,3.335887573595128,0.6716900264048716,8,32245.757709568636
threshold_33,threshold,3,3.318122393796179,0.6894552062038207,9,32163.949435740145
threshold_32,threshold,3,3.315294097143407,0.6922835028565939,9,32227.217637129077
threshold_35,threshold,1,3.324752816426984,0.682824783573016,9,14074.258449280951
threshold_34,threshold,1,3.332027035855052,0.6755505641449487,9,14096.081107565156
threshold_37,threshold,1,3.314076617570924,0.6935009824290765,9,14042.229852712773
threshold_36,threshold,1,3.308636757228999,0.6989408427710011,9,14025.910271686997
threshold_35,threshold,2,3.34303854874311,0.6645390512568902,9,23203.37409551028
threshold_34,threshold,2,3.3418769090775733,0.6657006909224278,8,23321.711834797876
threshold_37,threshold,2,3.3208886927517707,0.6866889072482298,9,23104.895930968087
threshold_36,threshold,2,3.3505043005469224,0.6570732994530779,9,23177.423173327763
threshold_35,threshold,3,3.3403500092421052,0.6672275907578945,8,32424.424123236597
threshold_34,threshold,3,3.327826930171952,0.6797506698280492,9,32405.19262531373
threshold_37,threshold,3,3.3577095063072018,0.6498680936927977,8,32378.024449889694
threshold_36,threshold,3,3.3158324145598415,0.6917451854401593,9,32224.920417007288
threshold_39,threshold,1,3.3394829461344466,0.6680946538655538,8,14218.44883840334
threshold_38,threshold,1,3.3229818655672325,0.6845957344327682,9,14068.945596701698
threshold_41,threshold,1,3.2935072466115534,0.7140703533884484,9,13980.52173983466
threshold_40,threshold,1,3.3079075472805988,0.6996700527194009,9,14023.722641841796
threshold_39,threshold,2,3.2812894950438762,0.7262881049561238,9,23162.317323534968
threshold_38,threshold,2,3.313326354827861,0.6942512451721412,9,23108.92466118528
threshold_41,threshold,2,3.3348365450186463,0.6727410549813532,8,23185.031374890597
threshold_40,threshold,2,3.305192842307286,0.7023847576927145,9,23039.301168763654
threshold_39,threshold,3,3.3181690775180552,0.6894085224819461,9,32216.824556089134
threshold_38,threshold,3,3.3435154389679407,0.6640621610320594,8,32339.4709780891
threshold_41,threshold,3,3.280909204761229,0.7266683952387705,9,32127.758989174283
threshold_40,threshold,3,3.3488496871425775,0.6587279128574215,9,32185.850230191387
threshold_43,threshold,1,3.3340402074592057,0.6735373925407937,8,14202.120622377617
threshold_42,threshold,1,3.3235649671545167,0.6840126328454832,9,14070.69490146355
threshold_44,threshold,1,3.3278423021506995,0.6797352978493012,9,14083.526906452098
threshold_43,threshold,2,3.294870054149995,0.7127075458500055,9,23186.730784827603
threshold_42,threshold,2,3.323687719045998,0.6838898809540029,8,23241.758058601547
threshold_44,threshold,2,3.299257807577953,0.7083197924220473,9,23081.300329185957
threshold_43,threshold,3,3.3370974591726834,0.6704801408273176,9,32298.023162345653
threshold_42,threshold,3,3.340145796531182,0.6674318034688175,8,32462.195448195092
threshold_44,threshold,3,3.3258498656796447,0.6817277343203566,7,32358.84992622489
none_1,none,1,2.237315714886813,1.770261885113188,0,11711.94714466044
none_0,none,1,2.201185610390169,1.8063919896098322,0,11603.556831170506
none_3,none,1,2.197150465113621,1.8104271348863799,0,11591.451395340864
none_2,none,1,2.1719813195124313,1.8355962804875696,0,11515.943958537293
none_1,none,2,2.1711980009705933,1.8363795990294083,0,18225.54114757222
none_0,none,2,2.2160611352626924,1.791516464737308,0,18251.740236958583
none_3,none,2,2.2615979624006033,1.7459796375993974,0,18376.245282542674
none_2,none,2,2.215115461809473,1.7924621381905284,0,18161.29034396571
none_1,none,3,2.1717138903288253,1.8358637096711763,0,24740.682818558696
none_0,none,3,2.2131978052764345,1.794379794723566,0,24891.333652787886
none_3,none,3,2.1507662199706252,1.8568113800293764,0,24828.543942454548
none_2,none,3,2.2158509546284297,1.7917266453715712,0,24808.843207850998
none_7,none,1,2.180072337678048,1.8275052623219525,0,11540.217013034144
none_6,none,1,2.1750379317397694,1.8325396682602317,0,11525.11379521931
none_5,none,1,2.2598705218866524,1.7477070781133486,0,11779.611565659958
none_4,none,1,2.1897085746197873,1.8178690253802137,0,11569.12572385936
none_7,none,2,2.244046807589694,1.7635307924103065,0,18272.357435803227
none_6,none,2,2.2312163552353153,1.7763612447646853,0,18218.762860925257
none_5,none,2,2.2014948282792246,1.8060827717207764,0,18384.096050497632
none_4,none,2,2.194554241331035,1.8130233586689664,0,18152.788447852465
none_7,none,3,2.1671350949739066,1.8404425050260944,0,24773.762720724946
none_6,none,3,2.152228296057462,1.855349303942539,0,24675.447749097642
none_5,none,3,2.182268654292724,1.8253089457072773,0,24930.902013375802
none_4,none,3,2.1876206038419044,1.8199569961580964,0,24715.650259378177
none_11,none,1,2.2137012867928045,1.7938763132071964,0,11641.103860378415
none_10,none,1,2.1507662199706252,1.8568113800293764,0,11452.298659911876
none_9,none,1,2.2069521395916065,1.8006254604083942,0,11620.85641877482
none_8,none,1,2.286469430656094,1.7211081693439065,0,11859.408291968282
none_11,none,2,2.178319322344715,1.829258277655286,0,18176.06182741256
none_10,none,2,2.1843218909542865,1.8232557090457144,0,18005.264332774736
none_9,none,2,2.199560692037085,1.808016907962916,0,18219.538494886074
none_8,none,2,2.1911637815924796,1.816413818407522,0,18432.899636745722
none_11,none,3,2.1897923080273256,1.8177852919726756,0,24745.438751494534
none_10,none,3,2.1636662634910038,1.8439113365089979,0,24496.263123247747
none_9,none,3,2.197383050538884,1.8101945494611167,0,24811.687646502727
none_8,none,3,2.2365996225987614,1.7709779774012393,0,25142.698504542008
none_14,none,1,2.2360730563274642,1.7715045436725363,0,11708.219168982392
none_13,none,1,2.2658117244680653,1.7417658755319354,0,11797.435173404196
none_12,none,1,2.168856074589348,1.838721525410653,0,11506.568223768045
none_14,none,2,2.268847000318418,1.7387305996815827,0,18514.760169937646
none_13,none,2,2.1971009814878957,1.8104766185121057,0,18388.738117867884
none_12,none,2,2.2517562881317903,1.7558213118682104,0,18261.837088163415
none_14,none,3,2.1718950577524314,1.83568254224757,0,25030.44534319494
none_13,none,3,2.1747331316382716,1.8328444683617295,0,24912.9375127827
none_12,none,3,2.177347832140149,1.830229767859852,0,24793.88058458386
calendar_15,calendar,1,3.088014775382745,0.9195628246172565,5,13764.044326148234
calendar_17,calendar,1,2.9412652239256314,1.0663123760743678,5,13323.795671776894
calendar_16,calendar,1,3.1172989971622598,0.8902786028377392,5,13851.89699148678
calendar_18,calendar,1,3.016953877757816,0.9906237222421848,5,13550.86163327345
calendar_15,calendar,2,2.91599615844919,1.0915814415508092,5,22012.032801495807
calendar_17,calendar,2,3.018286848856827,0.989290751143173,5,21878.656218347372
calendar_16,calendar,2,3.0805992600390453,0.9269783399609542,5,22593.694771603914
calendar_18,calendar,2,3.1229024141915285,0.8846751858084726,5,22419.568875848032
calendar_15,calendar,3,2.9420256690328457,1.065551930967155,5,30338.109808594345
calendar_17,calendar,3,3.089244684184633,0.918332915815368,5,30646.39027090127
calendar_16,calendar,3,2.9097653965722095,1.0978122034277902,5,30822.990961320542
calendar_18,calendar,3,2.9195158072579432,1.0880617927420582,5,30678.116297621862
calendar_22,calendar,1,3.1183546372734092,0.8892229627265908,5,13855.063911820227
calendar_19,calendar,1,2.9360876947409613,1.071489905259037,5,13308.263084222885
calendar_21,calendar,1,2.9309684223972123,1.0766091776027873,5,13292.905267191638
calendar_20,calendar,1,3.1138862893381516,0.8936913106618479,5,13841.658868014454
calendar_22,calendar,2,2.9281689781651363,1.0794086218348622,5,22139.570846315633
calendar_19,calendar,2,3.0089275174424155,0.9986500825575845,5,21835.04563655013
calendar_21,calendar,2,3.0445918671713987,0.9629857328286014,5,21926.680868705836
calendar_20,calendar,2,2.994615562476562,1.012962037523439,5,22325.50555544414
calendar_22,calendar,3,3.0077503613488057,0.9998272386511936,5,30662.82193036205
calendar_19,calendar,3,2.996712330829593,1.010865269170407,5,30325.182629038907
calendar_21,calendar,3,3.133771217119153,0.8738063828808453,5,30827.994520063294
calendar_20,calendar,3,3.0033077685659366,1.0042698314340615,5,30835.428861141947
calendar_26,calendar,1,2.9326418204377562,1.074935779562245,5,13297.925461313269
calendar_23,calendar,1,2.962193282908586,1.0453843170914139,5,13386.579848725758
calendar_25,calendar,1,3.1093371007571404,0.8982404992428593,5,13828.011302271421
calendar_24,calendar,1,2.8841748070766227,1.1234027929233772,5,13152.524421229868
calendar_26,calendar,2,2.9309565903645165,1.076621009635483,5,21590.795232406817
calendar_23,calendar,2,2.951830754751382,1.055746845248619,5,21742.072112979906
calendar_25,calendar,2,3.1494922591837264,0.8580853408162724,5,22776.4880798226
calendar_24,calendar,2,2.8531948128195586,1.1543827871804413,5,21212.108859688546
calendar_26,calendar,3,3.1537922212760914,0.8537853787239085,5,30552.171896235093
calendar_23,calendar,3,3.1347874899079113,0.8727901100920891,5,30646.434582703638
calendar_25,calendar,3,3.0699243470453252,0.9376532529546752,5,31486.261120958574
calendar_24,calendar,3,3.081642961371071,0.9259346386289287,5,29957.03774380176
calendar_27,calendar,1,3.037219904383724,0.9703576956162745,5,13611.659713151172
calendar_29,calendar,1,3.0575751531532642,0.9500024468467365,5,13672.725459459793
calendar_28,calendar,1,3.028460486037177,0.9791171139628229,5,13585.381458111531
calendar_27,calendar,2,3.022548290759987,0.9850293092400128,5,22179.304585431135
calendar_29,calendar,2,2.999451555322618,1.0081260446773808,5,22171.080125427645
calendar_28,calendar,2,2.9780568843222985,1.0295207156777013,5,22019.552111078425
calendar_27,calendar,3,3.139126476883945,0.8684511231160554,5,31096.684016082967
calendar_29,calendar,3,2.9778746194432006,1.0297029805567985,5,30604.703983757245
calendar_28,calendar,3,3.0350712882471065,0.9725063117528943,5,30624.765975819744
threshold_31,threshold,1,3.396499282380127,0.6110783176198725,7,14489.497847140381
threshold_30,threshold,1,3.4110737992647815,0.5965038007352198,7,14533.221397794345
threshold_33,threshold,1,3.3970579030487147,0.6105196969512857,8,14391.173709146144
threshold_32,threshold,1,3.383570189564651,0.6240074104353507,8,14350.710568693952
threshold_31,threshold,2,3.3888446696693393,0.6187329303306618,8,23856.0318561484
threshold_30,threshold,2,3.3996373734867884,0.6079402265132123,8,23932.13351825471
threshold_33,threshold,2,3.362372405562672,0.6452051944373284,9,23578.29092583416
threshold_32,threshold,2,3.4173091975440473,0.5902684024559534,7,23902.638161326096
threshold_31,threshold,3,3.3887431381874484,0.6188344618125529,8,33222.26127071075
threshold_30,threshold,3,3.37106827001461,0.6365093299853912,8,33245.338328298545
threshold_33,threshold,3,3.3927247818027575,0.6148528181972434,8,32956.46527124243
threshold_32,threshold,3,3.374683536085748,0.6328940639142536,7,33326.68876958334
threshold_35,threshold,1,3.3810656275350444,0.6265119724649558,9,14243.196882605132
threshold_34,threshold,1,3.410705178419568,0.5968724215804311,7,14532.115535258705
threshold_37,threshold,1,3.399062201793159,0.6085153982068424,8,14397.186605379477
threshold_36,threshold,1,3.3989301191819155,0.6086474808180858,7,14496.790357545746
threshold_35,threshold,2,3.38092462649169,0.6266529735083117,8,23585.9707620802
threshold_34,threshold,2,3.391729826423491,0.61584777357651,8,23907.305014529178
threshold_37,threshold,2,3.3987991294772604,0.60877847052274,8,23793.58399381126
threshold_36,threshold,2,3.373258799990162,0.634318800009839,8,23816.56675751623
threshold_35,threshold,3,3.3909817354138556,0.6165958645861447,8,32958.915968321766
threshold_34,threshold,3,3.370438072595286,0.6371395274047137,9,33118.61923231503
threshold_37,threshold,3,3.38270248668091,0.6248751133190903,8,33141.691453853986
threshold_36,threshold,3,3.390218818363058,0.6173587816369428,8,33187.2232126054
threshold_39,threshold,1,3.3983102208565086,0.6092673791434916,8,14394.930662569526
threshold_38,threshold,1,3.380811307063928,0.6267662929360723,8,14342.433921191785
threshold_41,threshold,1,3.372062951719938,0.6355146482800632,8,14316.188855159815
threshold_40,threshold,1,3.4036903259431246,0.6038872740568768,8,14411.070977829373
threshold_39,threshold,2,3.376853987712755,0.6307236122872452,8,23725.49262570779
threshold_38,threshold,2,3.380119306065098,0.6274582939349022,8,23682.79183938708
threshold_41,threshold,2,3.4152630324463598,0.5923145675536395,7,23861.97795249889
threshold_40,threshold,2,3.390892307924366,0.6166852920756353,8,23783.747901602474
threshold_39,threshold,3,3.3989249356963485,0.6086526643036523,8,33122.267432796834
threshold_38,threshold,3,3.3815990795442232,0.6259785204557784,8,33027.58907801975
threshold_41,threshold,3,3.3837135632799304,0.62386403672007,8,33213.11864233868
threshold_40,threshold,3,3.3818405809262915,0.625737019073709,8,33129.26964438135
threshold_43,threshold,1,3.410823933576338,0.5967536664236638,8,14432.471800729014
threshold_42,threshold,1,3.398770339889414,0.6088072601105874,7,14496.311019668241
threshold_44,threshold,1,3.394936132072187,0.6126414679278147,8,14384.80839621656
threshold_43,threshold,2,3.3710111430898015,0.6365664569101993,8,23745.505229998416
threshold_42,threshold,2,3.3850061362027226,0.6225714637972782,8,23851.32942827641
threshold_44,threshold,2,3.3939780638391257,0.6135995361608757,7,23866.742587733937
threshold_43,threshold,3,3.3852818697596776,0.6222957302403235,8,33101.35083927745
threshold_42,threshold,3,3.4078590315572734,0.5997185684427275,8,33274.90652294823
threshold_44,threshold,3,3.3894463541060524,0.618131245893948,8,33235.081650052096
none_2,none,1,2.20426957772592,1.8033080222740814,0,11612.80873317776
none_3,none,1,2.195339572359559,1.8122380276404422,0,11586.018717078678
none_0,none,1,2.2010873035114358,1.806490296488565,0,11603.261910534307
none_1,none,1,2.23788831263319,1.7696892873668106,0,11713.66493789957
none_2,none,2,2.2085446937073425,1.7990329062926587,0,18238.44281429979
none_3,none,2,2.180072337678048,1.8275052623219525,0,18126.23573011282
none_0,none,2,2.1897085746197873,1.8178690253802137,0,18172.387634393668
none_1,none,2,2.1893826985649647,1.8181949014350363,0,18281.813033594466
none_2,none,3,2.231343213371296,1.7762343866287047,0,24932.472454413677
none_3,none,3,2.213505830936733,1.7940717690632684,0,24766.75322292302
none_0,none,3,2.227165564304326,1.7804120356956745,0,24853.884327306645
none_1,none,3,2.2519380706548318,1.755639529345169,0,25037.62724555896
none_6,none,1,2.2813572709311365,1.7262203290688642,0,11844.071812793409
none_7,none,1,2.2136344905786194,1.7939431094213814,0,11640.903471735859
none_4,none,1,2.2010660581619432,1.8065115418380584,0,11603.19817448583
none_5,none,1,2.209233237227991,1.7983443627720102,0,11627.699711683972
none_6,none,2,2.1717138903288253,1.8358637096711763,0,18359.213483779884
none_7,none,2,2.1940261215658055,1.8135514784341953,0,18222.981836433275
none_4,none,2,2.226759181856076,1.780818418143925,0,18283.475720054055
none_5,none,2,2.2617230920573834,1.745854507942617,0,18412.868987856124
none_6,none,3,2.18488136303281,1.8226962369671913,0,24913.857572878314
none_7,none,3,2.1961107480028406,1.8114668519971604,0,24811.314080441796
none_4,none,3,2.2439287998869317,1.7636488001130683,0,25015.26211971485
none_5,none,3,2.169435906247533,1.8381416937524682,0,24921.176706598722
none_10,none,1,2.1673918781618586,1.8401857218381426,0,11502.175634485575
none_11,none,1,2.2103186293995303,1.797258970600471,0,11630.95588819859
none_8,none,1,2.202655893004068,1.804921706995933,0,11607.967679012203
none_9,none,1,2.1766608567391863,1.8309167432608149,0,11529.982570217559
none_10,none,2,2.2136140236409494,1.793963576359052,0,18143.017705408423
none_11,none,2,2.207468028949839,1.8001095710501624,0,18253.359975048108
none_8,none,2,2.1507662199706252,1.8568113800293764,0,18060.266338924077
none_9,none,2,2.2251900538635456,1.7823875461364553,0,18205.552731808195
none_10,none,3,2.2059088961937703,1.8016687038062305,0,24760.744393989735
none_11,none,3,2.1702161112342795,1.8373614887657221,0,24764.00830875095
none_8,none,3,2.258363334825732,1.7492142651742688,0,24835.356343401272
none_9,none,3,2.204282186019491,1.8032954139805102,0,24818.39928986667
none_14,none,1,2.2056532032322553,1.8019243967677456,0,11616.959609696765
none_12,none,1,2.1718059460764048,1.8357716539235966,0,11515.417838229214
none_13,none,1,2.1718059460764048,1.8357716539235966,0,11515.417838229214
none_14,none,2,2.2439114471049115,1.7636661528950888,0,18348.6939510115
none_12,none,2,2.1828083084519685,1.8247692915480322,0,18063.84276358512
none_13,none,2,2.1507662199706252,1.8568113800293764,0,17967.71649814109
none_14,none,3,2.2185671386771446,1.7890104613228561,0,25004.395367042933
none_12,none,3,2.1892189850279284,1.8183586149720727,0,24631.499718668903
none_13,none,3,2.1830650916399206,1.8245125083600806,0,24516.911773060852
calendar_15,calendar,1,3.0352364879312503,0.9723411120687503,5,13855.709463793752
calendar_18,calendar,1,2.977882277950077,1.0296953220499225,5,13683.64683385023
calendar_16,calendar,1,3.1442928850177765,0.8632847149822236,5,14182.87865505333
calendar_17,calendar,1,2.9712380869780683,1.0363395130219337,5,13663.714260934205
calendar_15,calendar,2,3.041160440999017,0.9664171590009827,5,22729.1907867908
calendar_18,calendar,2,3.0613530635904938,0.9462245364095061,5,22617.70602462171
calendar_16,calendar,2,2.9925508433679697,1.0150267566320301,5,22910.53118515724
calendar_17,calendar,2,3.0517940531889405,0.9557835468110574,5,22569.096420501024
calendar_15,calendar,3,3.0922519841965936,0.9153256158034061,5,31755.946739380583
calendar_18,calendar,3,3.086021942683712,0.9215556573162885,5,31625.77185267285
calendar_16,calendar,3,2.9384247298555226,1.0691528701444784,5,31475.80537472381
calendar_17,calendar,3,3.007350246947246,1.0002273530527541,5,31341.147161342764
calendar_19,calendar,1,2.9487124427337243,1.0588651572662746,5,13596.137328201174
calendar_22,calendar,1,3.1251197122348673,0.8824578877651336,5,14125.359136704601
calendar_20,calendar,1,2.963217659922226,1.0443599400777739,5,13639.652979766677
calendar_21,calendar,1,3.0206301428713913,0.986947457128608,5,13811.890428614173
calendar_19,calendar,2,2.9614469663384426,1.046130633661558,5,22230.478227216503
calendar_22,calendar,2,3.07939005660403,0.9281875433959692,5,23113.52930651669
calendar_20,calendar,2,2.983747731625874,1.0238298683741258,5,22340.8961746443
calendar_21,calendar,2,2.9214258736145284,1.086151726385471,5,22326.16804945776
calendar_19,calendar,3,2.9231242297935025,1.0844533702064967,5,30749.85091659701
calendar_22,calendar,3,3.0751532136311104,0.9324243863688892,5,32088.98894741002
calendar_20,calendar,3,2.9940585114003646,1.0135190885996357,5,31073.071708845393
calendar_21,calendar,3,2.9199324296178335,1.0876451703821668,5,30835.96533831126
calendar_23,calendar,1,3.1752069802544627,0.8323706197455363,5,14275.620940763389
calendar_26,calendar,1,3.0225277353682145,0.9850498646317868,5,13817.583206104644
calendar_24,calendar,1,2.9087447810668023,1.0988328189331968,5,13476.234343200407
calendar_25,calendar,1,3.0161624748554754,0.9914151251445235,5,13798.487424566427
calendar_23,calendar,2,2.918755010914243,1.0888225890857572,5,22781.88597350612
calendar_26,calendar,2,3.0201383871626324,0.9874392128373672,5,22627.99836759254
calendar_24,calendar,2,3.070756288235697,0.9368213117643047,5,22438.503207907495
calendar_25,calendar,2,2.987235935635892,1.0203416643641092,5,22510.195231474103
calendar_23,calendar,3,3.070824931327248,0.9367526686727518,5,31744.360767487866
calendar_26,calendar,3,3.1318248256361314,0.8757527743638699,5,31773.47284450093
calendar_24,calendar,3,2.9000975716695083,1.1074800283304935,5,30888.79592291602
calendar_25,calendar,3,3.018570105417915,0.9890074945820863,5,31315.905547727845
calendar_28,calendar,1,3.042955839118256,0.9646217608817437,5,13878.867517354767
calendar_29,calendar,1,2.9410676917330627,1.0665099082669378,5,13573.203075199188
calendar_27,calendar,1,3.0103387978638487,0.9972388021361518,5,13781.016393591546
calendar_28,calendar,2,3.044549024687619,0.9630285753123812,5,22762.514591417625
calendar_29,calendar,2,2.9430745677813634,1.0645030322186377,5,22152.42677854328
calendar_27,calendar,2,3.069652504181446,0.9379250958185531,5,22739.973906135885
calendar_28,calendar,3,2.9579389271892125,1.0496386728107876,5,31386.33137298526
calendar_29,calendar,3,3.0911812530031955,0.9163963469968051,5,31175.970537552865
calendar_27,calendar,3,3.0142570686500925,0.9933205313499079,5,31532.745112086162
threshold_30,threshold,1,3.3739220722259256,0.6336555277740754,9,14671.766216677777
threshold_31,threshold,1,3.4171191157150638,0.5904584842849362,8,14851.357347145191
threshold_32,threshold,1,3.412002006425078,0.5955755935749227,7,14886.006019275233
threshold_33,threshold,1,3.386297333776544,0.6212802662234556,9,14708.892001329632
threshold_30,threshold,2,3.3825567085325092,0.6250208914674902,8,24419.436342275305
threshold_31,threshold,2,3.3713996755559044,0.6361779244440965,8,24565.556373812906
threshold_32,threshold,2,3.4012148520266328,0.6063627479733679,7,24739.650575355132
threshold_33,threshold,2,3.3759352428375102,0.6316423571624898,8,24436.697729842163
threshold_30,threshold,3,3.3897266146892484,0.6178509853107516,8,34188.616186343046
threshold_31,threshold,3,3.3838605262865413,0.6237170737134601,8,34317.13795267253
threshold_32,threshold,3,3.3731102977017935,0.6344673022982085,8,34458.98146846051
threshold_33,threshold,3,3.406986891240674,0.6005907087593262,8,34257.658403564186
threshold_34,threshold,1,3.39305636262226,0.6145212373777412,8,14779.16908786678
threshold_35,threshold,1,3.383883872632933,0.6236937273670673,7,14801.651617898799
threshold_36,threshold,1,3.3824099284109175,0.6251676715890847,8,14747.229785232752
threshold_37,threshold,1,3.374485129068704,0.6330924709312964,9,14673.455387206111
threshold_34,threshold,2,3.372047584439512,0.6355300155604884,8,24495.311841185314
threshold_35,threshold,2,3.4202397203251054,0.5873378796748949,7,24712.370778874116
threshold_36,threshold,2,3.4192144143792578,0.5883631856207434,7,24654.873028370523
threshold_37,threshold,2,3.3855543301029196,0.622023269897081,8,24430.11837751487
threshold_34,threshold,3,3.3865858341083896,0.6209917658916115,7,34305.069343510484
threshold_35,threshold,3,3.383420208410275,0.6241573915897257,8,34462.63140410494
threshold_36,threshold,3,3.37556874723962,0.6320088527603808,8,34381.57927008938
threshold_37,threshold,3,3.37175395317161,0.6358236468283913,8,34145.380237029705
threshold_38,threshold,1,3.402840386962311,0.6047372130376889,7,14858.521160886932
threshold_39,threshold,1,3.363525517900771,0.64405208209923,8,14690.576553702313
threshold_40,threshold,1,3.413261560312341,0.5943160396876593,8,14839.784680937022
threshold_41,threshold,1,3.373915755728822,0.633661844271178,8,14721.747267186465
threshold_38,threshold,2,3.382559001835152,0.6250185981648481,9,24556.198166392387
threshold_39,threshold,2,3.418100224641469,0.5894773753585318,7,24594.87722762672
threshold_40,threshold,2,3.3982262159747267,0.6093513840252751,8,24634.463328861202
threshold_41,threshold,2,3.3869327940694474,0.6206448059305537,8,24482.545649394808
threshold_38,threshold,3,3.409512138365224,0.5980654616347758,7,34434.73458148806
threshold_39,threshold,3,3.399890443635204,0.6076871563647965,7,34444.54855853233
threshold_40,threshold,3,3.375512205179365,0.632065394820635,8,34360.9999443993
threshold_41,threshold,3,3.440793994299246,0.5667836057007538,7,34454.92763229254
threshold_44,threshold,1,3.400734518395307,0.6068430816046936,7,14852.20355518592
threshold_42,threshold,1,3.382064434745912,0.6255131652540886,8,14746.193304237735
threshold_43,threshold,1,3.407777613947332,0.5997999860526688,8,14823.332841841995
threshold_44,threshold,2,3.366572592531643,0.641005007468359,8,24551.92133278085
threshold_42,threshold,2,3.3912278069909814,0.61634979300902,8,24519.876725210677
threshold_43,threshold,2,3.384870179467079,0.6227074205329225,8,24577.943380243232
threshold_44,threshold,3,3.4087031271894586,0.5988744728105424,8,34378.030714349225
threshold_42,threshold,3,3.363621019372118,0.643956580627883,8,34210.73978332703
threshold_43,threshold,3,3.4124617371036563,0.5951158628963445,8,34415.3285915542
